{"tier": 2, "error": null, "params": {"dates": [{"endDate": "12-31-2024", "recurring": false, "startDate": "01-01-2022", "yearRange": [1950, 2050]}], "layers": [{"layer": "LST_Day_1km", "product": "MOD11A1.061"}, {"layer": "LST_Night_1km", "product": "MOD11A1.061"}, {"layer": "LST", "product": "ECO_L2T_LSTE.002"}, {"layer": "LST_err", "product": "ECO_L2T_LSTE.002"}], "output": {"format": {"type": "geotiff"}}, "coordinates": [{"latitude": 30.498494, "longitude": -97.764672}, {"latitude": 30.487252, "longitude": -97.777717}, {"latitude": 30.491749, "longitude": -97.777717}, {"latitude": 30.496245, "longitude": -97.777717}, {"latitude": 30.500742, "longitude": -97.777717}, {"latitude": 30.505239, "longitude": -97.777717}, {"latitude": 30.509735, "longitude": -97.777717}, {"latitude": 30.487252, "longitude": -97.772499}, {"latitude": 30.491749, "longitude": -97.772499}, {"latitude": 30.496245, "longitude": -97.772499}, {"latitude": 30.500742, "longitude": -97.772499}, {"latitude": 30.505239, "longitude": -97.772499}, {"latitude": 30.509735, "longitude": -97.772499}, {"latitude": 30.487252, "longitude": -97.767281}, {"latitude": 30.491749, "longitude": -97.767281}, {"latitude": 30.496245, "longitude": -97.767281}, {"latitude": 30.500742, "longitude": -97.767281}, {"latitude": 30.505239, "longitude": -97.767281}, {"latitude": 30.509735, "longitude": -97.767281}, {"latitude": 30.487252, "longitude": -97.762063}, {"latitude": 30.491749, "longitude": -97.762063}, {"latitude": 30.496245, "longitude": -97.762063}, {"latitude": 30.500742, "longitude": -97.762063}, {"latitude": 30.505239, "longitude": -97.762063}, {"latitude": 30.509735, "longitude": -97.762063}, {"latitude": 30.487252, "longitude": -97.756845}, {"latitude": 30.491749, "longitude": -97.756845}, {"latitude": 30.496245, "longitude": -97.756845}, {"latitude": 30.500742, "longitude": -97.756845}, {"latitude": 30.505239, "longitude": -97.756845}, {"latitude": 30.509735, "longitude": -97.756845}, {"latitude": 30.487252, "longitude": -97.751627}, {"latitude": 30.491749, "longitude": -97.751627}, {"latitude": 30.496245, "longitude": -97.751627}, {"latitude": 30.500742, "longitude": -97.751627}, {"latitude": 30.505239, "longitude": -97.751627}, {"latitude": 30.509735, "longitude": -97.751627}, {"latitude": 30.303585, "longitude": -97.890358}, {"latitude": 30.292344, "longitude": -97.903377}, {"latitude": 30.296841, "longitude": -97.903377}, {"latitude": 30.301337, "longitude": -97.903377}, {"latitude": 30.305834, "longitude": -97.903377}, {"latitude": 30.31033, "longitude": -97.903377}, {"latitude": 30.314827, "longitude": -97.903377}, {"latitude": 30.292344, "longitude": -97.898169}, {"latitude": 30.296841, "longitude": -97.898169}, {"latitude": 30.301337, "longitude": -97.898169}, {"latitude": 30.305834, "longitude": -97.898169}, {"latitude": 30.31033, "longitude": -97.898169}, {"latitude": 30.314827, "longitude": -97.898169}, {"latitude": 30.292344, "longitude": -97.892961}, {"latitude": 30.296841, "longitude": -97.892961}, {"latitude": 30.301337, "longitude": -97.892961}, {"latitude": 30.305834, "longitude": -97.892961}, {"latitude": 30.31033, "longitude": -97.892961}, {"latitude": 30.314827, "longitude": -97.892961}, {"latitude": 30.292344, "longitude": -97.887754}, {"latitude": 30.296841, "longitude": -97.887754}, {"latitude": 30.301337, "longitude": -97.887754}, {"latitude": 30.305834, "longitude": -97.887754}, {"latitude": 30.31033, "longitude": -97.887754}, {"latitude": 30.314827, "longitude": -97.887754}, {"latitude": 30.292344, "longitude": -97.882546}, {"latitude": 30.296841, "longitude": -97.882546}, {"latitude": 30.301337, "longitude": -97.882546}, {"latitude": 30.305834, "longitude": -97.882546}, {"latitude": 30.31033, "longitude": -97.882546}, {"latitude": 30.314827, "longitude": -97.882546}, {"latitude": 30.292344, "longitude": -97.877338}, {"latitude": 30.296841, "longitude": -97.877338}, {"latitude": 30.301337, "longitude": -97.877338}, {"latitude": 30.305834, "longitude": -97.877338}, {"latitude": 30.31033, "longitude": -97.877338}, {"latitude": 30.314827, "longitude": -97.877338}, {"latitude": 30.255969, "longitude": -97.908902}, {"latitude": 30.244727, "longitude": -97.921915}, {"latitude": 30.249224, "longitude": -97.921915}, {"latitude": 30.253721, "longitude": -97.921915}, {"latitude": 30.258217, "longitude": -97.921915}, {"latitude": 30.262714, "longitude": -97.921915}, {"latitude": 30.26721, "longitude": -97.921915}, {"latitude": 30.244727, "longitude": -97.91671}, {"latitude": 30.249224, "longitude": -97.91671}, {"latitude": 30.253721, "longitude": -97.91671}, {"latitude": 30.258217, "longitude": -97.91671}, {"latitude": 30.262714, "longitude": -97.91671}, {"latitude": 30.26721, "longitude": -97.91671}, {"latitude": 30.244727, "longitude": -97.911505}, {"latitude": 30.249224, "longitude": -97.911505}, {"latitude": 30.253721, "longitude": -97.911505}, {"latitude": 30.258217, "longitude": -97.911505}, {"latitude": 30.262714, "longitude": -97.911505}, {"latitude": 30.26721, "longitude": -97.911505}, {"latitude": 30.244727, "longitude": -97.906299}, {"latitude": 30.249224, "longitude": -97.906299}, {"latitude": 30.253721, "longitude": -97.906299}, {"latitude": 30.258217, "longitude": -97.906299}, {"latitude": 30.262714, "longitude": -97.906299}, {"latitude": 30.26721, "longitude": -97.906299}, {"latitude": 30.244727, "longitude": -97.901094}, {"latitude": 30.249224, "longitude": -97.901094}, {"latitude": 30.253721, "longitude": -97.901094}, {"latitude": 30.258217, "longitude": -97.901094}, {"latitude": 30.262714, "longitude": -97.901094}, {"latitude": 30.26721, "longitude": -97.901094}, {"latitude": 30.244727, "longitude": -97.895889}, {"latitude": 30.249224, "longitude": -97.895889}, {"latitude": 30.253721, "longitude": -97.895889}, {"latitude": 30.258217, "longitude": -97.895889}, {"latitude": 30.262714, "longitude": -97.895889}, {"latitude": 30.26721, "longitude": -97.895889}, {"latitude": 30.297068, "longitude": -97.705786}, {"latitude": 30.285826, "longitude": -97.718805}, {"latitude": 30.290323, "longitude": -97.718805}, {"latitude": 30.29482, "longitude": -97.718805}, {"latitude": 30.299316, "longitude": -97.718805}, {"latitude": 30.303813, "longitude": -97.718805}, {"latitude": 30.308309, "longitude": -97.718805}, {"latitude": 30.285826, "longitude": -97.713597}, {"latitude": 30.290323, "longitude": -97.713597}, {"latitude": 30.29482, "longitude": -97.713597}, {"latitude": 30.299316, "longitude": -97.713597}, {"latitude": 30.303813, "longitude": -97.713597}, {"latitude": 30.308309, "longitude": -97.713597}, {"latitude": 30.285826, "longitude": -97.70839}, {"latitude": 30.290323, "longitude": -97.70839}, {"latitude": 30.29482, "longitude": -97.70839}, {"latitude": 30.299316, "longitude": -97.70839}, {"latitude": 30.303813, "longitude": -97.70839}, {"latitude": 30.308309, "longitude": -97.70839}, {"latitude": 30.285826, "longitude": -97.703183}, {"latitude": 30.290323, "longitude": -97.703183}, {"latitude": 30.29482, "longitude": -97.703183}, {"latitude": 30.299316, "longitude": -97.703183}, {"latitude": 30.303813, "longitude": -97.703183}, {"latitude": 30.308309, "longitude": -97.703183}, {"latitude": 30.285826, "longitude": -97.697975}, {"latitude": 30.290323, "longitude": -97.697975}, {"latitude": 30.29482, "longitude": -97.697975}, {"latitude": 30.299316, "longitude": -97.697975}, {"latitude": 30.303813, "longitude": -97.697975}, {"latitude": 30.308309, "longitude": -97.697975}, {"latitude": 30.285826, "longitude": -97.692768}, {"latitude": 30.290323, "longitude": -97.692768}, {"latitude": 30.29482, "longitude": -97.692768}, {"latitude": 30.299316, "longitude": -97.692768}, {"latitude": 30.303813, "longitude": -97.692768}, {"latitude": 30.308309, "longitude": -97.692768}, {"latitude": 30.512953, "longitude": -97.763048}, {"latitude": 30.501711, "longitude": -97.776095}, {"latitude": 30.506208, "longitude": -97.776095}, {"latitude": 30.510704, "longitude": -97.776095}, {"latitude": 30.515201, "longitude": -97.776095}, {"latitude": 30.519697, "longitude": -97.776095}, {"latitude": 30.524194, "longitude": -97.776095}, {"latitude": 30.501711, "longitude": -97.770876}, {"latitude": 30.506208, "longitude": -97.770876}, {"latitude": 30.510704, "longitude": -97.770876}, {"latitude": 30.515201, "longitude": -97.770876}, {"latitude": 30.519697, "longitude": -97.770876}, {"latitude": 30.524194, "longitude": -97.770876}, {"latitude": 30.501711, "longitude": -97.765658}, {"latitude": 30.506208, "longitude": -97.765658}, {"latitude": 30.510704, "longitude": -97.765658}, {"latitude": 30.515201, "longitude": -97.765658}, {"latitude": 30.519697, "longitude": -97.765658}, {"latitude": 30.524194, "longitude": -97.765658}, {"latitude": 30.501711, "longitude": -97.760439}, {"latitude": 30.506208, "longitude": -97.760439}, {"latitude": 30.510704, "longitude": -97.760439}, {"latitude": 30.515201, "longitude": -97.760439}, {"latitude": 30.519697, "longitude": -97.760439}, {"latitude": 30.524194, "longitude": -97.760439}, {"latitude": 30.501711, "longitude": -97.75522}, {"latitude": 30.506208, "longitude": -97.75522}, {"latitude": 30.510704, "longitude": -97.75522}, {"latitude": 30.515201, "longitude": -97.75522}, {"latitude": 30.519697, "longitude": -97.75522}, {"latitude": 30.524194, "longitude": -97.75522}, {"latitude": 30.501711, "longitude": -97.750001}, {"latitude": 30.506208, "longitude": -97.750001}, {"latitude": 30.510704, "longitude": -97.750001}, {"latitude": 30.515201, "longitude": -97.750001}, {"latitude": 30.519697, "longitude": -97.750001}, {"latitude": 30.524194, "longitude": -97.750001}, {"latitude": 30.33708, "longitude": -97.7088}, {"latitude": 30.32584, "longitude": -97.7218}, {"latitude": 30.33033, "longitude": -97.7218}, {"latitude": 30.33483, "longitude": -97.7218}, {"latitude": 30.33933, "longitude": -97.7218}, {"latitude": 30.34382, "longitude": -97.7218}, {"latitude": 30.34832, "longitude": -97.7218}, {"latitude": 30.32584, "longitude": -97.7166}, {"latitude": 30.33033, "longitude": -97.7166}, {"latitude": 30.33483, "longitude": -97.7166}, {"latitude": 30.33933, "longitude": -97.7166}, {"latitude": 30.34382, "longitude": -97.7166}, {"latitude": 30.34832, "longitude": -97.7166}, {"latitude": 30.32584, "longitude": -97.7114}, {"latitude": 30.33033, "longitude": -97.7114}, {"latitude": 30.33483, "longitude": -97.7114}, {"latitude": 30.33933, "longitude": -97.7114}, {"latitude": 30.34382, "longitude": -97.7114}, {"latitude": 30.34832, "longitude": -97.7114}, {"latitude": 30.32584, "longitude": -97.7062}, {"latitude": 30.33033, "longitude": -97.7062}, {"latitude": 30.33483, "longitude": -97.7062}, {"latitude": 30.33933, "longitude": -97.7062}, {"latitude": 30.34382, "longitude": -97.7062}, {"latitude": 30.34832, "longitude": -97.7062}, {"latitude": 30.32584, "longitude": -97.701}, {"latitude": 30.33033, "longitude": -97.701}, {"latitude": 30.33483, "longitude": -97.701}, {"latitude": 30.33933, "longitude": -97.701}, {"latitude": 30.34382, "longitude": -97.701}, {"latitude": 30.34832, "longitude": -97.701}, {"latitude": 30.32584, "longitude": -97.6958}, {"latitude": 30.33033, "longitude": -97.6958}, {"latitude": 30.33483, "longitude": -97.6958}, {"latitude": 30.33933, "longitude": -97.6958}, {"latitude": 30.34382, "longitude": -97.6958}, {"latitude": 30.34832, "longitude": -97.6958}, {"latitude": 30.20064491, "longitude": -97.88769704}, {"latitude": 30.18940341, "longitude": -97.9007025}, {"latitude": 30.19390001, "longitude": -97.9007025}, {"latitude": 30.19839661, "longitude": -97.9007025}, {"latitude": 30.20289321, "longitude": -97.9007025}, {"latitude": 30.20738981, "longitude": -97.9007025}, {"latitude": 30.21188641, "longitude": -97.9007025}, {"latitude": 30.18940341, "longitude": -97.89550032}, {"latitude": 30.19390001, "longitude": -97.89550032}, {"latitude": 30.19839661, "longitude": -97.89550032}, {"latitude": 30.20289321, "longitude": -97.89550032}, {"latitude": 30.20738981, "longitude": -97.89550032}, {"latitude": 30.21188641, "longitude": -97.89550032}, {"latitude": 30.18940341, "longitude": -97.89029813}, {"latitude": 30.19390001, "longitude": -97.89029813}, {"latitude": 30.19839661, "longitude": -97.89029813}, {"latitude": 30.20289321, "longitude": -97.89029813}, {"latitude": 30.20738981, "longitude": -97.89029813}, {"latitude": 30.21188641, "longitude": -97.89029813}, {"latitude": 30.18940341, "longitude": -97.88509594}, {"latitude": 30.19390001, "longitude": -97.88509594}, {"latitude": 30.19839661, "longitude": -97.88509594}, {"latitude": 30.20289321, "longitude": -97.88509594}, {"latitude": 30.20738981, "longitude": -97.88509594}, {"latitude": 30.21188641, "longitude": -97.88509594}, {"latitude": 30.18940341, "longitude": -97.87989376}, {"latitude": 30.19390001, "longitude": -97.87989376}, {"latitude": 30.19839661, "longitude": -97.87989376}, {"latitude": 30.20289321, "longitude": -97.87989376}, {"latitude": 30.20738981, "longitude": -97.87989376}, {"latitude": 30.21188641, "longitude": -97.87989376}, {"latitude": 30.18940341, "longitude": -97.87469157}, {"latitude": 30.19390001, "longitude": -97.87469157}, {"latitude": 30.19839661, "longitude": -97.87469157}, {"latitude": 30.20289321, "longitude": -97.87469157}, {"latitude": 30.20738981, "longitude": -97.87469157}, {"latitude": 30.21188641, "longitude": -97.87469157}, {"latitude": 30.5454346, "longitude": -97.74148063}, {"latitude": 30.53419309, "longitude": -97.75453202}, {"latitude": 30.5386897, "longitude": -97.75453202}, {"latitude": 30.5431863, "longitude": -97.75453202}, {"latitude": 30.5476829, "longitude": -97.75453202}, {"latitude": 30.5521795, "longitude": -97.75453202}, {"latitude": 30.5566761, "longitude": -97.75453202}, {"latitude": 30.53419309, "longitude": -97.74931147}, {"latitude": 30.5386897, "longitude": -97.74931147}, {"latitude": 30.5431863, "longitude": -97.74931147}, {"latitude": 30.5476829, "longitude": -97.74931147}, {"latitude": 30.5521795, "longitude": -97.74931147}, {"latitude": 30.5566761, "longitude": -97.74931147}, {"latitude": 30.53419309, "longitude": -97.74409091}, {"latitude": 30.5386897, "longitude": -97.74409091}, {"latitude": 30.5431863, "longitude": -97.74409091}, {"latitude": 30.5476829, "longitude": -97.74409091}, {"latitude": 30.5521795, "longitude": -97.74409091}, {"latitude": 30.5566761, "longitude": -97.74409091}, {"latitude": 30.53419309, "longitude": -97.73887035}, {"latitude": 30.5386897, "longitude": -97.73887035}, {"latitude": 30.5431863, "longitude": -97.73887035}, {"latitude": 30.5476829, "longitude": -97.73887035}, {"latitude": 30.5521795, "longitude": -97.73887035}, {"latitude": 30.5566761, "longitude": -97.73887035}, {"latitude": 30.53419309, "longitude": -97.7336498}, {"latitude": 30.5386897, "longitude": -97.7336498}, {"latitude": 30.5431863, "longitude": -97.7336498}, {"latitude": 30.5476829, "longitude": -97.7336498}, {"latitude": 30.5521795, "longitude": -97.7336498}, {"latitude": 30.5566761, "longitude": -97.7336498}, {"latitude": 30.53419309, "longitude": -97.72842924}, {"latitude": 30.5386897, "longitude": -97.72842924}, {"latitude": 30.5431863, "longitude": -97.72842924}, {"latitude": 30.5476829, "longitude": -97.72842924}, {"latitude": 30.5521795, "longitude": -97.72842924}, {"latitude": 30.5566761, "longitude": -97.72842924}, {"latitude": 30.53633466, "longitude": -97.72093445}, {"latitude": 30.52509316, "longitude": -97.73398462}, {"latitude": 30.52958976, "longitude": -97.73398462}, {"latitude": 30.53408636, "longitude": -97.73398462}, {"latitude": 30.53858296, "longitude": -97.73398462}, {"latitude": 30.54307957, "longitude": -97.73398462}, {"latitude": 30.54757617, "longitude": -97.73398462}, {"latitude": 30.52509316, "longitude": -97.72876455}, {"latitude": 30.52958976, "longitude": -97.72876455}, {"latitude": 30.53408636, "longitude": -97.72876455}, {"latitude": 30.53858296, "longitude": -97.72876455}, {"latitude": 30.54307957, "longitude": -97.72876455}, {"latitude": 30.54757617, "longitude": -97.72876455}, {"latitude": 30.52509316, "longitude": -97.72354448}, {"latitude": 30.52958976, "longitude": -97.72354448}, {"latitude": 30.53408636, "longitude": -97.72354448}, {"latitude": 30.53858296, "longitude": -97.72354448}, {"latitude": 30.54307957, "longitude": -97.72354448}, {"latitude": 30.54757617, "longitude": -97.72354448}, {"latitude": 30.52509316, "longitude": -97.71832442}, {"latitude": 30.52958976, "longitude": -97.71832442}, {"latitude": 30.53408636, "longitude": -97.71832442}, {"latitude": 30.53858296, "longitude": -97.71832442}, {"latitude": 30.54307957, "longitude": -97.71832442}, {"latitude": 30.54757617, "longitude": -97.71832442}, {"latitude": 30.52509316, "longitude": -97.71310435}, {"latitude": 30.52958976, "longitude": -97.71310435}, {"latitude": 30.53408636, "longitude": -97.71310435}, {"latitude": 30.53858296, "longitude": -97.71310435}, {"latitude": 30.54307957, "longitude": -97.71310435}, {"latitude": 30.54757617, "longitude": -97.71310435}, {"latitude": 30.52509316, "longitude": -97.70788428}, {"latitude": 30.52958976, "longitude": -97.70788428}, {"latitude": 30.53408636, "longitude": -97.70788428}, {"latitude": 30.53858296, "longitude": -97.70788428}, {"latitude": 30.54307957, "longitude": -97.70788428}, {"latitude": 30.54757617, "longitude": -97.70788428}, {"latitude": 30.32107395, "longitude": -97.98497267}, {"latitude": 30.30983245, "longitude": -97.99799409}, {"latitude": 30.31432905, "longitude": -97.99799409}, {"latitude": 30.31882565, "longitude": -97.99799409}, {"latitude": 30.32332226, "longitude": -97.99799409}, {"latitude": 30.32781886, "longitude": -97.99799409}, {"latitude": 30.33231546, "longitude": -97.99799409}, {"latitude": 30.30983245, "longitude": -97.99278552}, {"latitude": 30.31432905, "longitude": -97.99278552}, {"latitude": 30.31882565, "longitude": -97.99278552}, {"latitude": 30.32332226, "longitude": -97.99278552}, {"latitude": 30.32781886, "longitude": -97.99278552}, {"latitude": 30.33231546, "longitude": -97.99278552}, {"latitude": 30.30983245, "longitude": -97.98757696}, {"latitude": 30.31432905, "longitude": -97.98757696}, {"latitude": 30.31882565, "longitude": -97.98757696}, {"latitude": 30.32332226, "longitude": -97.98757696}, {"latitude": 30.32781886, "longitude": -97.98757696}, {"latitude": 30.33231546, "longitude": -97.98757696}, {"latitude": 30.30983245, "longitude": -97.98236839}, {"latitude": 30.31432905, "longitude": -97.98236839}, {"latitude": 30.31882565, "longitude": -97.98236839}, {"latitude": 30.32332226, "longitude": -97.98236839}, {"latitude": 30.32781886, "longitude": -97.98236839}, {"latitude": 30.33231546, "longitude": -97.98236839}, {"latitude": 30.30983245, "longitude": -97.97715982}, {"latitude": 30.31432905, "longitude": -97.97715982}, {"latitude": 30.31882565, "longitude": -97.97715982}, {"latitude": 30.32332226, "longitude": -97.97715982}, {"latitude": 30.32781886, "longitude": -97.97715982}, {"latitude": 30.33231546, "longitude": -97.97715982}, {"latitude": 30.30983245, "longitude": -97.97195126}, {"latitude": 30.31432905, "longitude": -97.97195126}, {"latitude": 30.31882565, "longitude": -97.97195126}, {"latitude": 30.32332226, "longitude": -97.97195126}, {"latitude": 30.32781886, "longitude": -97.97195126}, {"latitude": 30.33231546, "longitude": -97.97195126}, {"latitude": 30.4101341, "longitude": -97.75686264}, {"latitude": 30.39889259, "longitude": -97.76989591}, {"latitude": 30.40338919, "longitude": -97.76989591}, {"latitude": 30.4078858, "longitude": -97.76989591}, {"latitude": 30.4123824, "longitude": -97.76989591}, {"latitude": 30.416879, "longitude": -97.76989591}, {"latitude": 30.4213756, "longitude": -97.76989591}, {"latitude": 30.39889259, "longitude": -97.7646826}, {"latitude": 30.40338919, "longitude": -97.7646826}, {"latitude": 30.4078858, "longitude": -97.7646826}, {"latitude": 30.4123824, "longitude": -97.7646826}, {"latitude": 30.416879, "longitude": -97.7646826}, {"latitude": 30.4213756, "longitude": -97.7646826}, {"latitude": 30.39889259, "longitude": -97.7594693}, {"latitude": 30.40338919, "longitude": -97.7594693}, {"latitude": 30.4078858, "longitude": -97.7594693}, {"latitude": 30.4123824, "longitude": -97.7594693}, {"latitude": 30.416879, "longitude": -97.7594693}, {"latitude": 30.4213756, "longitude": -97.7594693}, {"latitude": 30.39889259, "longitude": -97.75425599}, {"latitude": 30.40338919, "longitude": -97.75425599}, {"latitude": 30.4078858, "longitude": -97.75425599}, {"latitude": 30.4123824, "longitude": -97.75425599}, {"latitude": 30.416879, "longitude": -97.75425599}, {"latitude": 30.4213756, "longitude": -97.75425599}, {"latitude": 30.39889259, "longitude": -97.74904268}, {"latitude": 30.40338919, "longitude": -97.74904268}, {"latitude": 30.4078858, "longitude": -97.74904268}, {"latitude": 30.4123824, "longitude": -97.74904268}, {"latitude": 30.416879, "longitude": -97.74904268}, {"latitude": 30.4213756, "longitude": -97.74904268}, {"latitude": 30.39889259, "longitude": -97.74382937}, {"latitude": 30.40338919, "longitude": -97.74382937}, {"latitude": 30.4078858, "longitude": -97.74382937}, {"latitude": 30.4123824, "longitude": -97.74382937}, {"latitude": 30.416879, "longitude": -97.74382937}, {"latitude": 30.4213756, "longitude": -97.74382937}, {"latitude": 30.50039046, "longitude": -97.76262403}, {"latitude": 30.48914895, "longitude": -97.77566937}, {"latitude": 30.49364555, "longitude": -97.77566937}, {"latitude": 30.49814215, "longitude": -97.77566937}, {"latitude": 30.50263876, "longitude": -97.77566937}, {"latitude": 30.50713536, "longitude": -97.77566937}, {"latitude": 30.51163196, "longitude": -97.77566937}, {"latitude": 30.48914895, "longitude": -97.77045123}, {"latitude": 30.49364555, "longitude": -97.77045123}, {"latitude": 30.49814215, "longitude": -97.77045123}, {"latitude": 30.50263876, "longitude": -97.77045123}, {"latitude": 30.50713536, "longitude": -97.77045123}, {"latitude": 30.51163196, "longitude": -97.77045123}, {"latitude": 30.48914895, "longitude": -97.76523309}, {"latitude": 30.49364555, "longitude": -97.76523309}, {"latitude": 30.49814215, "longitude": -97.76523309}, {"latitude": 30.50263876, "longitude": -97.76523309}, {"latitude": 30.50713536, "longitude": -97.76523309}, {"latitude": 30.51163196, "longitude": -97.76523309}, {"latitude": 30.48914895, "longitude": -97.76001496}, {"latitude": 30.49364555, "longitude": -97.76001496}, {"latitude": 30.49814215, "longitude": -97.76001496}, {"latitude": 30.50263876, "longitude": -97.76001496}, {"latitude": 30.50713536, "longitude": -97.76001496}, {"latitude": 30.51163196, "longitude": -97.76001496}, {"latitude": 30.48914895, "longitude": -97.75479682}, {"latitude": 30.49364555, "longitude": -97.75479682}, {"latitude": 30.49814215, "longitude": -97.75479682}, {"latitude": 30.50263876, "longitude": -97.75479682}, {"latitude": 30.50713536, "longitude": -97.75479682}, {"latitude": 30.51163196, "longitude": -97.75479682}, {"latitude": 30.48914895, "longitude": -97.74957868}, {"latitude": 30.49364555, "longitude": -97.74957868}, {"latitude": 30.49814215, "longitude": -97.74957868}, {"latitude": 30.50263876, "longitude": -97.74957868}, {"latitude": 30.50713536, "longitude": -97.74957868}, {"latitude": 30.51163196, "longitude": -97.74957868}, {"latitude": 30.44493133, "longitude": -97.76524795}, {"latitude": 30.42244832, "longitude": -97.76003338}, {"latitude": 30.42694492, "longitude": -97.76003338}, {"latitude": 30.43144153, "longitude": -97.76003338}, {"latitude": 30.43593813, "longitude": -97.76003338}, {"latitude": 30.44043473, "longitude": -97.76003338}, {"latitude": 30.44493133, "longitude": -97.76003338}, {"latitude": 30.50993467, "longitude": -97.74446279}, {"latitude": 30.49869316, "longitude": -97.75750941}, {"latitude": 30.50318976, "longitude": -97.75750941}, {"latitude": 30.50768637, "longitude": -97.75750941}, {"latitude": 30.51218297, "longitude": -97.75750941}, {"latitude": 30.51667957, "longitude": -97.75750941}, {"latitude": 30.52117617, "longitude": -97.75750941}, {"latitude": 30.49869316, "longitude": -97.75229076}, {"latitude": 30.50318976, "longitude": -97.75229076}, {"latitude": 30.50768637, "longitude": -97.75229076}, {"latitude": 30.51218297, "longitude": -97.75229076}, {"latitude": 30.51667957, "longitude": -97.75229076}, {"latitude": 30.52117617, "longitude": -97.75229076}, {"latitude": 30.49869316, "longitude": -97.74707211}, {"latitude": 30.50318976, "longitude": -97.74707211}, {"latitude": 30.50768637, "longitude": -97.74707211}, {"latitude": 30.51218297, "longitude": -97.74707211}, {"latitude": 30.51667957, "longitude": -97.74707211}, {"latitude": 30.52117617, "longitude": -97.74707211}, {"latitude": 30.49869316, "longitude": -97.74185346}, {"latitude": 30.50318976, "longitude": -97.74185346}, {"latitude": 30.50768637, "longitude": -97.74185346}, {"latitude": 30.51218297, "longitude": -97.74185346}, {"latitude": 30.51667957, "longitude": -97.74185346}, {"latitude": 30.52117617, "longitude": -97.74185346}, {"latitude": 30.49869316, "longitude": -97.73663481}, {"latitude": 30.50318976, "longitude": -97.73663481}, {"latitude": 30.50768637, "longitude": -97.73663481}, {"latitude": 30.51218297, "longitude": -97.73663481}, {"latitude": 30.51667957, "longitude": -97.73663481}, {"latitude": 30.52117617, "longitude": -97.73663481}, {"latitude": 30.49869316, "longitude": -97.73141616}, {"latitude": 30.50318976, "longitude": -97.73141616}, {"latitude": 30.50768637, "longitude": -97.73141616}, {"latitude": 30.51218297, "longitude": -97.73141616}, {"latitude": 30.51667957, "longitude": -97.73141616}, {"latitude": 30.52117617, "longitude": -97.73141616}, {"latitude": 30.43368983, "longitude": -97.7730698}, {"latitude": 30.42244832, "longitude": -97.78610622}, {"latitude": 30.42694492, "longitude": -97.78610622}, {"latitude": 30.43144153, "longitude": -97.78610622}, {"latitude": 30.43593813, "longitude": -97.78610622}, {"latitude": 30.44043473, "longitude": -97.78610622}, {"latitude": 30.44493133, "longitude": -97.78610622}, {"latitude": 30.42244832, "longitude": -97.78089165}, {"latitude": 30.42694492, "longitude": -97.78089165}, {"latitude": 30.43144153, "longitude": -97.78089165}, {"latitude": 30.43593813, "longitude": -97.78089165}, {"latitude": 30.44043473, "longitude": -97.78089165}, {"latitude": 30.44493133, "longitude": -97.78089165}, {"latitude": 30.42244832, "longitude": -97.77567708}, {"latitude": 30.42694492, "longitude": -97.77567708}, {"latitude": 30.43144153, "longitude": -97.77567708}, {"latitude": 30.43593813, "longitude": -97.77567708}, {"latitude": 30.44043473, "longitude": -97.77567708}, {"latitude": 30.44493133, "longitude": -97.77567708}, {"latitude": 30.42244832, "longitude": -97.77046251}, {"latitude": 30.42694492, "longitude": -97.77046251}, {"latitude": 30.43144153, "longitude": -97.77046251}, {"latitude": 30.43593813, "longitude": -97.77046251}, {"latitude": 30.44043473, "longitude": -97.77046251}, {"latitude": 30.44493133, "longitude": -97.77046251}, {"latitude": 30.42244832, "longitude": -97.76524795}, {"latitude": 30.42694492, "longitude": -97.76524795}, {"latitude": 30.43144153, "longitude": -97.76524795}, {"latitude": 30.43593813, "longitude": -97.76524795}, {"latitude": 30.44043473, "longitude": -97.76524795}]}, "status": "processing", "created": "2024-07-15T20:57:27.917354", "task_id": "a6c00e36-dac3-4770-bfd7-29c94c6ade5e", "updated": "2024-07-15T20:59:32.560735", "user_id": "sophiamyersdesigns@gmail.com", "estimate": {"request_size": 960372, "request_memory": 1}, "retry_at": null, "has_swath": false, "task_name": "Austin_LST_Points", "task_type": "point", "api_version": null, "svc_version": "3.58", "web_version": "3.58", "has_nsidc_daac": false, "expires_on": "2024-08-14T20:59:32.560735", "attempts": 1}
