<?xml version="1.0" encoding="UTF-8"?>
<gmi:MI_Metadata
  xmlns:xsi="http://www.w3.org/2001/XMLSchema-instance"
  xsi:schemaLocation="http://www.isotc211.org/2005/gmi https://ngdc.noaa.gov/metadata/published/xsd/schema.xsd"
  xmlns:xlink="http://www.w3.org/1999/xlink"
  xmlns:gco="http://www.isotc211.org/2005/gco"
  xmlns:gmd="http://www.isotc211.org/2005/gmd"
  xmlns:gmx="http://www.isotc211.org/2005/gmx"
  xmlns:gml="http://www.opengis.net/gml/3.2"
  xmlns:gss="http://www.isotc211.org/2005/gss"
  xmlns:gts="http://www.isotc211.org/2005/gts"
  xmlns:gsr="http://www.isotc211.org/2005/gsr"
  xmlns:gmi="http://www.isotc211.org/2005/gmi"
  xmlns:srv="http://www.isotc211.org/2005/srv">


  <!-- FILE IDENTIFIER -->
  <gmd:fileIdentifier>
    <gco:CharacterString>Austin-LST-Points-MOD11A1-061-metadata.xml</gco:CharacterString>
  </gmd:fileIdentifier>

  <!-- METADATA AND RESOURCE LANGUAGE -->
  <gmd:language>
    <gmd:LanguageCode codeList="http://www.loc.gov/standards/iso639-2/php/code_list.php" codeListValue="eng">eng
    </gmd:LanguageCode>
  </gmd:language>

  <!-- CHARACTER SET -->
  <gmd:characterSet>
    <gmd:MD_CharacterSetCode
      codeList="http://www.isotc211.org/2005/resources/Codelist/gmxCodelists.xml#MD_CharacterSetCode"
      codeListValue="UTF8">UTF8
    </gmd:MD_CharacterSetCode>
  </gmd:characterSet>

  <!-- HIERARCHY LEVEL -->
  <gmd:hierarchyLevel>
    <gmd:MD_ScopeCode codeList="http://www.isotc211.org/2005/resources/Codelist/gmxCodelists.xml#MD_ScopeCode"
                      codeListValue="series">series
    </gmd:MD_ScopeCode>
  </gmd:hierarchyLevel>

  <!-- CONTACT INFORMATION -->
  <gmd:contact>
    <gmd:CI_ResponsibleParty>
      <gmd:organisationName>
        <gco:CharacterString>LP DAAC at The EROS Center</gco:CharacterString>
      </gmd:organisationName>
      <gmd:contactInfo>
        <gmd:CI_Contact>
          <gmd:phone>
            <gmd:CI_Telephone>
              <gmd:voice>
                <gco:CharacterString>605-594-6116</gco:CharacterString>
              </gmd:voice>
              <gmd:voice>
                <gco:CharacterString>866-573-3222 (866-LPE-DAAC)</gco:CharacterString>
              </gmd:voice>
              <gmd:facsimile>
                <gco:CharacterString>605-594-6963</gco:CharacterString>
              </gmd:facsimile>
            </gmd:CI_Telephone>
          </gmd:phone>
          <gmd:address>
            <gmd:CI_Address>
              <gmd:deliveryPoint>
                <gco:CharacterString>Mundt Federal Building</gco:CharacterString>
              </gmd:deliveryPoint>
              <gmd:city>
                <gco:CharacterString>Sioux Falls</gco:CharacterString>
              </gmd:city>
              <gmd:administrativeArea>
                <gco:CharacterString>SD</gco:CharacterString>
              </gmd:administrativeArea>
              <gmd:postalCode>
                <gco:CharacterString>57198</gco:CharacterString>
              </gmd:postalCode>
              <gmd:country>
                <gco:CharacterString>United States</gco:CharacterString>
              </gmd:country>
              <gmd:electronicMailAddress>
                <gco:CharacterString>LPDAAC@usgs.gov</gco:CharacterString>
              </gmd:electronicMailAddress>
            </gmd:CI_Address>
          </gmd:address>
          <gmd:onlineResource>
            <gmd:CI_OnlineResource>
              <gmd:linkage>
                <gmd:URL>https://lpdaac.usgs.gov/</gmd:URL>
              </gmd:linkage>
            </gmd:CI_OnlineResource>
          </gmd:onlineResource>
        </gmd:CI_Contact>
      </gmd:contactInfo>
      <gmd:role>
        <gmd:CI_RoleCode codeList="http://www.isotc211.org/2005/resources/Codelist/gmxCodelists.xml#CI_RoleCode"
                         codeListValue="pointOfContact" codeSpace="007">pointOfContact
        </gmd:CI_RoleCode>
      </gmd:role>
    </gmd:CI_ResponsibleParty>
  </gmd:contact>

  <!-- METADATA DATE -->
  <gmd:dateStamp>
    <gco:Date>2024-07-15</gco:Date>
  </gmd:dateStamp>

  <!-- METADATA STANDARD NAME -->
  <gmd:metadataStandardName>
    <gco:CharacterString>ISO 19115-2 Geographic Information - Metadata Part 2 Extensions for imagery and gridded data
    </gco:CharacterString>
  </gmd:metadataStandardName>

  <!-- METADATA VERSION -->
  <gmd:metadataStandardVersion>
    <gco:CharacterString>ISO 19115-2:2009</gco:CharacterString>
  </gmd:metadataStandardVersion>

  <!-- SPATIAL REPRESENTATION -->
  <gmd:spatialRepresentationInfo>
    <gmd:MD_VectorSpatialRepresentation>
      <gmd:topologyLevel>
        <gmd:MD_TopologyLevelCode
          codeList="http://www.ngdc.noaa.gov/metadata/published/xsd/schema/resources/Codelist/gmxCodelists.xml#MD_TopologyLevelCode"
          codeListValue="geometryOnly">geometryOnly
        </gmd:MD_TopologyLevelCode>
      </gmd:topologyLevel>
      <gmd:geometricObjects>
        <gmd:MD_GeometricObjects>
          <gmd:geometricObjectType>
            <gmd:MD_GeometricObjectTypeCode
              codeList="http://www.ngdc.noaa.gov/metadata/published/xsd/schema/resources/Codelist/gmxCodelists.xml#MD_GeometricObjectTypeCode"
              codeListValue="point">point
            </gmd:MD_GeometricObjectTypeCode>
          </gmd:geometricObjectType>
          <gmd:geometricObjectCount>
            <gco:Integer>518</gco:Integer>
          </gmd:geometricObjectCount>
        </gmd:MD_GeometricObjects>
      </gmd:geometricObjects>
    </gmd:MD_VectorSpatialRepresentation>
  </gmd:spatialRepresentationInfo>

  <!-- DATA INFORMATION -->
  <gmd:identificationInfo>
    <gmd:MD_DataIdentification>
      <gmd:citation>
        <gmd:CI_Citation>
          <gmd:title>
            <gco:CharacterString>MOD11A1.061</gco:CharacterString>
          </gmd:title>
          <gmd:alternateTitle>
            <gco:CharacterString>Land Surface Temperature & Emissivity (LST&E)</gco:CharacterString>
          </gmd:alternateTitle>
          <gmd:date>
            <gmd:CI_Date>
              <gmd:date>
                <gco:Date>2024-07-17</gco:Date>
              </gmd:date>
              <gmd:dateType>
                <gmd:CI_DateTypeCode
                  codeList="http://www.isotc211.org/2005/resources/Codelist/gmxCodelists.xml#CI_DateTypeCode"
                  codeListValue="creation">creation
                </gmd:CI_DateTypeCode>
              </gmd:dateType>
            </gmd:CI_Date>
          </gmd:date>
          <gmd:identifier>
            <gmd:MD_Identifier>
              <gmd:code>
                <gmx:Anchor
                  xlink:href="https://doi.org/10.5067/MODIS/MOD11A1.061"
                  xlink:title="DOI"
                  xlink:actuate="onRequest">
                    10.5067/MODIS/MOD11A1.061
                </gmx:Anchor>
              </gmd:code>
             </gmd:MD_Identifier>
          </gmd:identifier>
        </gmd:CI_Citation>
      </gmd:citation>
      <gmd:abstract>
        <gco:CharacterString>
          The Application for Extracting and Exploring Analysis Ready Samples (AρρEEARS) offers a simple and efficient
          way to access and transform geospatial data from a variety of federal data archives. AppEEARS enables users
          to subset geospatial datasets using spatial, temporal, and band/layer parameters. Two types of sample
          requests are available: point samples for geographic coordinates and area samples for spatial areas via
          vector polygons. Sample requests submitted to AρρEEARS provide users not only with data values, but also
          associated quality data values. Interactive visualizations with summary statistics are provided for each
          sample within the application, which allow users to preview and interact with their samples before
          downloading their data.
        </gco:CharacterString>
      </gmd:abstract>
      <gmd:resourceConstraints>
        <gmd:MD_LegalConstraints>
          <gmd:useLimitation>
            <gco:CharacterString>Disclaimer - While every effort has been made to ensure that these data are accurate
              and reliable within the limits of the current state of the art, NASA cannot assume liability for any
              damages caused by any errors or omissions in the data, nor as a result of the failure of the data to
              function on a particular system. NASA makes no warranty, expressed or implied, nor does the fact of
              distribution constitute such a warranty.
            </gco:CharacterString>
          </gmd:useLimitation>
        </gmd:MD_LegalConstraints>
      </gmd:resourceConstraints>
      <gmd:spatialResolution>
        <gmd:MD_Resolution>
          <gmd:distance>
            <gco:Distance uom="meters">1000</gco:Distance>
          </gmd:distance>
        </gmd:MD_Resolution>
      </gmd:spatialResolution>
      <gmd:language>
        <gmd:LanguageCode codeList="http://www.loc.gov/standards/iso639-2/php/code_list.php" codeListValue="eng">eng
        </gmd:LanguageCode>
      </gmd:language>
      <gmd:extent>
        <gmd:EX_Extent>
          <gmd:temporalElement>
            <gmd:EX_TemporalExtent>
              <gmd:extent>
                <gml:TimeNode gml:id="TemporalGranularity">
                  <gml:description>Daily</gml:description>
                </gml:TimeNode>
              </gmd:extent>
            </gmd:EX_TemporalExtent>
          </gmd:temporalElement>
        </gmd:EX_Extent>
      </gmd:extent>
      <gmd:supplementalInformation>
        <gco:CharacterString>Wan, Z., Hook, S., Hulley, G. (2021). MODIS/Terra Land Surface Temperature/Emissivity Daily L3 Global 1km SIN Grid V061. NASA EOSDIS Land Processes Distributed Active Archive Center. Accessed 2024-07-17 from https://doi.org/10.5067/MODIS/MOD11A1.061. Accessed July 15, 2024.</gco:CharacterString>
      </gmd:supplementalInformation>
      <gmd:supplementalInformation>
        <gco:CharacterString>AppEEARS Team. (2024). Application for Extracting and Exploring Analysis Ready Samples (AppEEARS). Ver. 3.58. NASA EOSDIS Land Processes Distributed Active Archive Center (LP DAAC), USGS/Earth Resources Observation and Science (EROS) Center, Sioux Falls, South Dakota, USA. Accessed July 15, 2024. https://appeears.earthdatacloud.nasa.gov</gco:CharacterString>
      </gmd:supplementalInformation>
    </gmd:MD_DataIdentification>
  </gmd:identificationInfo>

  <!-- SOURCE AND PROCESSING INFORMATION -->
  <gmd:dataQualityInfo>
    <gmd:DQ_DataQuality>
      <gmd:scope>
        <gmd:DQ_Scope>
          <gmd:level>
            <gmd:MD_ScopeCode codeList="http://www.isotc211.org/2005/resources/Codelist/gmxCodelists.xml#MD_ScopeCode"
                              codeListValue="dataset">dataset
            </gmd:MD_ScopeCode>
          </gmd:level>
          <gmd:extent>
            <gmd:EX_Extent>
              <gmd:description>
                <gco:CharacterString>Extracted points</gco:CharacterString>
              </gmd:description>
              <gmd:geographicElement>
                <gmd:EX_BoundingPolygon>
                  <gmd:polygon>
                    <gml:MultiPoint gml:id="ID">
                      <gml:pointMembers>
                        <gml:Point gml:id="point_1">
                          <gml:pos>30.498494 -97.764672</gml:pos>
                        </gml:Point>
                        <gml:Point gml:id="point_1">
                          <gml:pos>30.487252 -97.777717</gml:pos>
                        </gml:Point>
                        <gml:Point gml:id="point_1">
                          <gml:pos>30.491749 -97.777717</gml:pos>
                        </gml:Point>
                        <gml:Point gml:id="point_1">
                          <gml:pos>30.496245 -97.777717</gml:pos>
                        </gml:Point>
                        <gml:Point gml:id="point_1">
                          <gml:pos>30.500742 -97.777717</gml:pos>
                        </gml:Point>
                        <gml:Point gml:id="point_1">
                          <gml:pos>30.505239 -97.777717</gml:pos>
                        </gml:Point>
                        <gml:Point gml:id="point_1">
                          <gml:pos>30.509735 -97.777717</gml:pos>
                        </gml:Point>
                        <gml:Point gml:id="point_1">
                          <gml:pos>30.487252 -97.772499</gml:pos>
                        </gml:Point>
                        <gml:Point gml:id="point_1">
                          <gml:pos>30.491749 -97.772499</gml:pos>
                        </gml:Point>
                        <gml:Point gml:id="point_1">
                          <gml:pos>30.496245 -97.772499</gml:pos>
                        </gml:Point>
                        <gml:Point gml:id="point_1">
                          <gml:pos>30.500742 -97.772499</gml:pos>
                        </gml:Point>
                        <gml:Point gml:id="point_1">
                          <gml:pos>30.505239 -97.772499</gml:pos>
                        </gml:Point>
                        <gml:Point gml:id="point_1">
                          <gml:pos>30.509735 -97.772499</gml:pos>
                        </gml:Point>
                        <gml:Point gml:id="point_1">
                          <gml:pos>30.487252 -97.767281</gml:pos>
                        </gml:Point>
                        <gml:Point gml:id="point_1">
                          <gml:pos>30.491749 -97.767281</gml:pos>
                        </gml:Point>
                        <gml:Point gml:id="point_1">
                          <gml:pos>30.496245 -97.767281</gml:pos>
                        </gml:Point>
                        <gml:Point gml:id="point_1">
                          <gml:pos>30.500742 -97.767281</gml:pos>
                        </gml:Point>
                        <gml:Point gml:id="point_1">
                          <gml:pos>30.505239 -97.767281</gml:pos>
                        </gml:Point>
                        <gml:Point gml:id="point_1">
                          <gml:pos>30.509735 -97.767281</gml:pos>
                        </gml:Point>
                        <gml:Point gml:id="point_1">
                          <gml:pos>30.487252 -97.762063</gml:pos>
                        </gml:Point>
                        <gml:Point gml:id="point_1">
                          <gml:pos>30.491749 -97.762063</gml:pos>
                        </gml:Point>
                        <gml:Point gml:id="point_1">
                          <gml:pos>30.496245 -97.762063</gml:pos>
                        </gml:Point>
                        <gml:Point gml:id="point_1">
                          <gml:pos>30.500742 -97.762063</gml:pos>
                        </gml:Point>
                        <gml:Point gml:id="point_1">
                          <gml:pos>30.505239 -97.762063</gml:pos>
                        </gml:Point>
                        <gml:Point gml:id="point_1">
                          <gml:pos>30.509735 -97.762063</gml:pos>
                        </gml:Point>
                        <gml:Point gml:id="point_1">
                          <gml:pos>30.487252 -97.756845</gml:pos>
                        </gml:Point>
                        <gml:Point gml:id="point_1">
                          <gml:pos>30.491749 -97.756845</gml:pos>
                        </gml:Point>
                        <gml:Point gml:id="point_1">
                          <gml:pos>30.496245 -97.756845</gml:pos>
                        </gml:Point>
                        <gml:Point gml:id="point_1">
                          <gml:pos>30.500742 -97.756845</gml:pos>
                        </gml:Point>
                        <gml:Point gml:id="point_1">
                          <gml:pos>30.505239 -97.756845</gml:pos>
                        </gml:Point>
                        <gml:Point gml:id="point_1">
                          <gml:pos>30.509735 -97.756845</gml:pos>
                        </gml:Point>
                        <gml:Point gml:id="point_1">
                          <gml:pos>30.487252 -97.751627</gml:pos>
                        </gml:Point>
                        <gml:Point gml:id="point_1">
                          <gml:pos>30.491749 -97.751627</gml:pos>
                        </gml:Point>
                        <gml:Point gml:id="point_1">
                          <gml:pos>30.496245 -97.751627</gml:pos>
                        </gml:Point>
                        <gml:Point gml:id="point_1">
                          <gml:pos>30.500742 -97.751627</gml:pos>
                        </gml:Point>
                        <gml:Point gml:id="point_1">
                          <gml:pos>30.505239 -97.751627</gml:pos>
                        </gml:Point>
                        <gml:Point gml:id="point_1">
                          <gml:pos>30.509735 -97.751627</gml:pos>
                        </gml:Point>
                        <gml:Point gml:id="point_1">
                          <gml:pos>30.303585 -97.890358</gml:pos>
                        </gml:Point>
                        <gml:Point gml:id="point_1">
                          <gml:pos>30.292344 -97.903377</gml:pos>
                        </gml:Point>
                        <gml:Point gml:id="point_1">
                          <gml:pos>30.296841 -97.903377</gml:pos>
                        </gml:Point>
                        <gml:Point gml:id="point_1">
                          <gml:pos>30.301337 -97.903377</gml:pos>
                        </gml:Point>
                        <gml:Point gml:id="point_1">
                          <gml:pos>30.305834 -97.903377</gml:pos>
                        </gml:Point>
                        <gml:Point gml:id="point_1">
                          <gml:pos>30.31033 -97.903377</gml:pos>
                        </gml:Point>
                        <gml:Point gml:id="point_1">
                          <gml:pos>30.314827 -97.903377</gml:pos>
                        </gml:Point>
                        <gml:Point gml:id="point_1">
                          <gml:pos>30.292344 -97.898169</gml:pos>
                        </gml:Point>
                        <gml:Point gml:id="point_1">
                          <gml:pos>30.296841 -97.898169</gml:pos>
                        </gml:Point>
                        <gml:Point gml:id="point_1">
                          <gml:pos>30.301337 -97.898169</gml:pos>
                        </gml:Point>
                        <gml:Point gml:id="point_1">
                          <gml:pos>30.305834 -97.898169</gml:pos>
                        </gml:Point>
                        <gml:Point gml:id="point_1">
                          <gml:pos>30.31033 -97.898169</gml:pos>
                        </gml:Point>
                        <gml:Point gml:id="point_1">
                          <gml:pos>30.314827 -97.898169</gml:pos>
                        </gml:Point>
                        <gml:Point gml:id="point_1">
                          <gml:pos>30.292344 -97.892961</gml:pos>
                        </gml:Point>
                        <gml:Point gml:id="point_1">
                          <gml:pos>30.296841 -97.892961</gml:pos>
                        </gml:Point>
                        <gml:Point gml:id="point_1">
                          <gml:pos>30.301337 -97.892961</gml:pos>
                        </gml:Point>
                        <gml:Point gml:id="point_1">
                          <gml:pos>30.305834 -97.892961</gml:pos>
                        </gml:Point>
                        <gml:Point gml:id="point_1">
                          <gml:pos>30.31033 -97.892961</gml:pos>
                        </gml:Point>
                        <gml:Point gml:id="point_1">
                          <gml:pos>30.314827 -97.892961</gml:pos>
                        </gml:Point>
                        <gml:Point gml:id="point_1">
                          <gml:pos>30.292344 -97.887754</gml:pos>
                        </gml:Point>
                        <gml:Point gml:id="point_1">
                          <gml:pos>30.296841 -97.887754</gml:pos>
                        </gml:Point>
                        <gml:Point gml:id="point_1">
                          <gml:pos>30.301337 -97.887754</gml:pos>
                        </gml:Point>
                        <gml:Point gml:id="point_1">
                          <gml:pos>30.305834 -97.887754</gml:pos>
                        </gml:Point>
                        <gml:Point gml:id="point_1">
                          <gml:pos>30.31033 -97.887754</gml:pos>
                        </gml:Point>
                        <gml:Point gml:id="point_1">
                          <gml:pos>30.314827 -97.887754</gml:pos>
                        </gml:Point>
                        <gml:Point gml:id="point_1">
                          <gml:pos>30.292344 -97.882546</gml:pos>
                        </gml:Point>
                        <gml:Point gml:id="point_1">
                          <gml:pos>30.296841 -97.882546</gml:pos>
                        </gml:Point>
                        <gml:Point gml:id="point_1">
                          <gml:pos>30.301337 -97.882546</gml:pos>
                        </gml:Point>
                        <gml:Point gml:id="point_1">
                          <gml:pos>30.305834 -97.882546</gml:pos>
                        </gml:Point>
                        <gml:Point gml:id="point_1">
                          <gml:pos>30.31033 -97.882546</gml:pos>
                        </gml:Point>
                        <gml:Point gml:id="point_1">
                          <gml:pos>30.314827 -97.882546</gml:pos>
                        </gml:Point>
                        <gml:Point gml:id="point_1">
                          <gml:pos>30.292344 -97.877338</gml:pos>
                        </gml:Point>
                        <gml:Point gml:id="point_1">
                          <gml:pos>30.296841 -97.877338</gml:pos>
                        </gml:Point>
                        <gml:Point gml:id="point_1">
                          <gml:pos>30.301337 -97.877338</gml:pos>
                        </gml:Point>
                        <gml:Point gml:id="point_1">
                          <gml:pos>30.305834 -97.877338</gml:pos>
                        </gml:Point>
                        <gml:Point gml:id="point_1">
                          <gml:pos>30.31033 -97.877338</gml:pos>
                        </gml:Point>
                        <gml:Point gml:id="point_1">
                          <gml:pos>30.314827 -97.877338</gml:pos>
                        </gml:Point>
                        <gml:Point gml:id="point_1">
                          <gml:pos>30.255969 -97.908902</gml:pos>
                        </gml:Point>
                        <gml:Point gml:id="point_1">
                          <gml:pos>30.244727 -97.921915</gml:pos>
                        </gml:Point>
                        <gml:Point gml:id="point_1">
                          <gml:pos>30.249224 -97.921915</gml:pos>
                        </gml:Point>
                        <gml:Point gml:id="point_1">
                          <gml:pos>30.253721 -97.921915</gml:pos>
                        </gml:Point>
                        <gml:Point gml:id="point_1">
                          <gml:pos>30.258217 -97.921915</gml:pos>
                        </gml:Point>
                        <gml:Point gml:id="point_1">
                          <gml:pos>30.262714 -97.921915</gml:pos>
                        </gml:Point>
                        <gml:Point gml:id="point_1">
                          <gml:pos>30.26721 -97.921915</gml:pos>
                        </gml:Point>
                        <gml:Point gml:id="point_1">
                          <gml:pos>30.244727 -97.91671</gml:pos>
                        </gml:Point>
                        <gml:Point gml:id="point_1">
                          <gml:pos>30.249224 -97.91671</gml:pos>
                        </gml:Point>
                        <gml:Point gml:id="point_1">
                          <gml:pos>30.253721 -97.91671</gml:pos>
                        </gml:Point>
                        <gml:Point gml:id="point_1">
                          <gml:pos>30.258217 -97.91671</gml:pos>
                        </gml:Point>
                        <gml:Point gml:id="point_1">
                          <gml:pos>30.262714 -97.91671</gml:pos>
                        </gml:Point>
                        <gml:Point gml:id="point_1">
                          <gml:pos>30.26721 -97.91671</gml:pos>
                        </gml:Point>
                        <gml:Point gml:id="point_1">
                          <gml:pos>30.244727 -97.911505</gml:pos>
                        </gml:Point>
                        <gml:Point gml:id="point_1">
                          <gml:pos>30.249224 -97.911505</gml:pos>
                        </gml:Point>
                        <gml:Point gml:id="point_1">
                          <gml:pos>30.253721 -97.911505</gml:pos>
                        </gml:Point>
                        <gml:Point gml:id="point_1">
                          <gml:pos>30.258217 -97.911505</gml:pos>
                        </gml:Point>
                        <gml:Point gml:id="point_1">
                          <gml:pos>30.262714 -97.911505</gml:pos>
                        </gml:Point>
                        <gml:Point gml:id="point_1">
                          <gml:pos>30.26721 -97.911505</gml:pos>
                        </gml:Point>
                        <gml:Point gml:id="point_1">
                          <gml:pos>30.244727 -97.906299</gml:pos>
                        </gml:Point>
                        <gml:Point gml:id="point_1">
                          <gml:pos>30.249224 -97.906299</gml:pos>
                        </gml:Point>
                        <gml:Point gml:id="point_1">
                          <gml:pos>30.253721 -97.906299</gml:pos>
                        </gml:Point>
                        <gml:Point gml:id="point_1">
                          <gml:pos>30.258217 -97.906299</gml:pos>
                        </gml:Point>
                        <gml:Point gml:id="point_1">
                          <gml:pos>30.262714 -97.906299</gml:pos>
                        </gml:Point>
                        <gml:Point gml:id="point_1">
                          <gml:pos>30.26721 -97.906299</gml:pos>
                        </gml:Point>
                        <gml:Point gml:id="point_1">
                          <gml:pos>30.244727 -97.901094</gml:pos>
                        </gml:Point>
                        <gml:Point gml:id="point_1">
                          <gml:pos>30.249224 -97.901094</gml:pos>
                        </gml:Point>
                        <gml:Point gml:id="point_1">
                          <gml:pos>30.253721 -97.901094</gml:pos>
                        </gml:Point>
                        <gml:Point gml:id="point_1">
                          <gml:pos>30.258217 -97.901094</gml:pos>
                        </gml:Point>
                        <gml:Point gml:id="point_1">
                          <gml:pos>30.262714 -97.901094</gml:pos>
                        </gml:Point>
                        <gml:Point gml:id="point_1">
                          <gml:pos>30.26721 -97.901094</gml:pos>
                        </gml:Point>
                        <gml:Point gml:id="point_1">
                          <gml:pos>30.244727 -97.895889</gml:pos>
                        </gml:Point>
                        <gml:Point gml:id="point_1">
                          <gml:pos>30.249224 -97.895889</gml:pos>
                        </gml:Point>
                        <gml:Point gml:id="point_1">
                          <gml:pos>30.253721 -97.895889</gml:pos>
                        </gml:Point>
                        <gml:Point gml:id="point_1">
                          <gml:pos>30.258217 -97.895889</gml:pos>
                        </gml:Point>
                        <gml:Point gml:id="point_1">
                          <gml:pos>30.262714 -97.895889</gml:pos>
                        </gml:Point>
                        <gml:Point gml:id="point_1">
                          <gml:pos>30.26721 -97.895889</gml:pos>
                        </gml:Point>
                        <gml:Point gml:id="point_1">
                          <gml:pos>30.297068 -97.705786</gml:pos>
                        </gml:Point>
                        <gml:Point gml:id="point_1">
                          <gml:pos>30.285826 -97.718805</gml:pos>
                        </gml:Point>
                        <gml:Point gml:id="point_1">
                          <gml:pos>30.290323 -97.718805</gml:pos>
                        </gml:Point>
                        <gml:Point gml:id="point_1">
                          <gml:pos>30.29482 -97.718805</gml:pos>
                        </gml:Point>
                        <gml:Point gml:id="point_1">
                          <gml:pos>30.299316 -97.718805</gml:pos>
                        </gml:Point>
                        <gml:Point gml:id="point_1">
                          <gml:pos>30.303813 -97.718805</gml:pos>
                        </gml:Point>
                        <gml:Point gml:id="point_1">
                          <gml:pos>30.308309 -97.718805</gml:pos>
                        </gml:Point>
                        <gml:Point gml:id="point_1">
                          <gml:pos>30.285826 -97.713597</gml:pos>
                        </gml:Point>
                        <gml:Point gml:id="point_1">
                          <gml:pos>30.290323 -97.713597</gml:pos>
                        </gml:Point>
                        <gml:Point gml:id="point_1">
                          <gml:pos>30.29482 -97.713597</gml:pos>
                        </gml:Point>
                        <gml:Point gml:id="point_1">
                          <gml:pos>30.299316 -97.713597</gml:pos>
                        </gml:Point>
                        <gml:Point gml:id="point_1">
                          <gml:pos>30.303813 -97.713597</gml:pos>
                        </gml:Point>
                        <gml:Point gml:id="point_1">
                          <gml:pos>30.308309 -97.713597</gml:pos>
                        </gml:Point>
                        <gml:Point gml:id="point_1">
                          <gml:pos>30.285826 -97.70839</gml:pos>
                        </gml:Point>
                        <gml:Point gml:id="point_1">
                          <gml:pos>30.290323 -97.70839</gml:pos>
                        </gml:Point>
                        <gml:Point gml:id="point_1">
                          <gml:pos>30.29482 -97.70839</gml:pos>
                        </gml:Point>
                        <gml:Point gml:id="point_1">
                          <gml:pos>30.299316 -97.70839</gml:pos>
                        </gml:Point>
                        <gml:Point gml:id="point_1">
                          <gml:pos>30.303813 -97.70839</gml:pos>
                        </gml:Point>
                        <gml:Point gml:id="point_1">
                          <gml:pos>30.308309 -97.70839</gml:pos>
                        </gml:Point>
                        <gml:Point gml:id="point_1">
                          <gml:pos>30.285826 -97.703183</gml:pos>
                        </gml:Point>
                        <gml:Point gml:id="point_1">
                          <gml:pos>30.290323 -97.703183</gml:pos>
                        </gml:Point>
                        <gml:Point gml:id="point_1">
                          <gml:pos>30.29482 -97.703183</gml:pos>
                        </gml:Point>
                        <gml:Point gml:id="point_1">
                          <gml:pos>30.299316 -97.703183</gml:pos>
                        </gml:Point>
                        <gml:Point gml:id="point_1">
                          <gml:pos>30.303813 -97.703183</gml:pos>
                        </gml:Point>
                        <gml:Point gml:id="point_1">
                          <gml:pos>30.308309 -97.703183</gml:pos>
                        </gml:Point>
                        <gml:Point gml:id="point_1">
                          <gml:pos>30.285826 -97.697975</gml:pos>
                        </gml:Point>
                        <gml:Point gml:id="point_1">
                          <gml:pos>30.290323 -97.697975</gml:pos>
                        </gml:Point>
                        <gml:Point gml:id="point_1">
                          <gml:pos>30.29482 -97.697975</gml:pos>
                        </gml:Point>
                        <gml:Point gml:id="point_1">
                          <gml:pos>30.299316 -97.697975</gml:pos>
                        </gml:Point>
                        <gml:Point gml:id="point_1">
                          <gml:pos>30.303813 -97.697975</gml:pos>
                        </gml:Point>
                        <gml:Point gml:id="point_1">
                          <gml:pos>30.308309 -97.697975</gml:pos>
                        </gml:Point>
                        <gml:Point gml:id="point_1">
                          <gml:pos>30.285826 -97.692768</gml:pos>
                        </gml:Point>
                        <gml:Point gml:id="point_1">
                          <gml:pos>30.290323 -97.692768</gml:pos>
                        </gml:Point>
                        <gml:Point gml:id="point_1">
                          <gml:pos>30.29482 -97.692768</gml:pos>
                        </gml:Point>
                        <gml:Point gml:id="point_1">
                          <gml:pos>30.299316 -97.692768</gml:pos>
                        </gml:Point>
                        <gml:Point gml:id="point_1">
                          <gml:pos>30.303813 -97.692768</gml:pos>
                        </gml:Point>
                        <gml:Point gml:id="point_1">
                          <gml:pos>30.308309 -97.692768</gml:pos>
                        </gml:Point>
                        <gml:Point gml:id="point_1">
                          <gml:pos>30.512953 -97.763048</gml:pos>
                        </gml:Point>
                        <gml:Point gml:id="point_1">
                          <gml:pos>30.501711 -97.776095</gml:pos>
                        </gml:Point>
                        <gml:Point gml:id="point_1">
                          <gml:pos>30.506208 -97.776095</gml:pos>
                        </gml:Point>
                        <gml:Point gml:id="point_1">
                          <gml:pos>30.510704 -97.776095</gml:pos>
                        </gml:Point>
                        <gml:Point gml:id="point_1">
                          <gml:pos>30.515201 -97.776095</gml:pos>
                        </gml:Point>
                        <gml:Point gml:id="point_1">
                          <gml:pos>30.519697 -97.776095</gml:pos>
                        </gml:Point>
                        <gml:Point gml:id="point_1">
                          <gml:pos>30.524194 -97.776095</gml:pos>
                        </gml:Point>
                        <gml:Point gml:id="point_1">
                          <gml:pos>30.501711 -97.770876</gml:pos>
                        </gml:Point>
                        <gml:Point gml:id="point_1">
                          <gml:pos>30.506208 -97.770876</gml:pos>
                        </gml:Point>
                        <gml:Point gml:id="point_1">
                          <gml:pos>30.510704 -97.770876</gml:pos>
                        </gml:Point>
                        <gml:Point gml:id="point_1">
                          <gml:pos>30.515201 -97.770876</gml:pos>
                        </gml:Point>
                        <gml:Point gml:id="point_1">
                          <gml:pos>30.519697 -97.770876</gml:pos>
                        </gml:Point>
                        <gml:Point gml:id="point_1">
                          <gml:pos>30.524194 -97.770876</gml:pos>
                        </gml:Point>
                        <gml:Point gml:id="point_1">
                          <gml:pos>30.501711 -97.765658</gml:pos>
                        </gml:Point>
                        <gml:Point gml:id="point_1">
                          <gml:pos>30.506208 -97.765658</gml:pos>
                        </gml:Point>
                        <gml:Point gml:id="point_1">
                          <gml:pos>30.510704 -97.765658</gml:pos>
                        </gml:Point>
                        <gml:Point gml:id="point_1">
                          <gml:pos>30.515201 -97.765658</gml:pos>
                        </gml:Point>
                        <gml:Point gml:id="point_1">
                          <gml:pos>30.519697 -97.765658</gml:pos>
                        </gml:Point>
                        <gml:Point gml:id="point_1">
                          <gml:pos>30.524194 -97.765658</gml:pos>
                        </gml:Point>
                        <gml:Point gml:id="point_1">
                          <gml:pos>30.501711 -97.760439</gml:pos>
                        </gml:Point>
                        <gml:Point gml:id="point_1">
                          <gml:pos>30.506208 -97.760439</gml:pos>
                        </gml:Point>
                        <gml:Point gml:id="point_1">
                          <gml:pos>30.510704 -97.760439</gml:pos>
                        </gml:Point>
                        <gml:Point gml:id="point_1">
                          <gml:pos>30.515201 -97.760439</gml:pos>
                        </gml:Point>
                        <gml:Point gml:id="point_1">
                          <gml:pos>30.519697 -97.760439</gml:pos>
                        </gml:Point>
                        <gml:Point gml:id="point_1">
                          <gml:pos>30.524194 -97.760439</gml:pos>
                        </gml:Point>
                        <gml:Point gml:id="point_1">
                          <gml:pos>30.501711 -97.75522</gml:pos>
                        </gml:Point>
                        <gml:Point gml:id="point_1">
                          <gml:pos>30.506208 -97.75522</gml:pos>
                        </gml:Point>
                        <gml:Point gml:id="point_1">
                          <gml:pos>30.510704 -97.75522</gml:pos>
                        </gml:Point>
                        <gml:Point gml:id="point_1">
                          <gml:pos>30.515201 -97.75522</gml:pos>
                        </gml:Point>
                        <gml:Point gml:id="point_1">
                          <gml:pos>30.519697 -97.75522</gml:pos>
                        </gml:Point>
                        <gml:Point gml:id="point_1">
                          <gml:pos>30.524194 -97.75522</gml:pos>
                        </gml:Point>
                        <gml:Point gml:id="point_1">
                          <gml:pos>30.501711 -97.750001</gml:pos>
                        </gml:Point>
                        <gml:Point gml:id="point_1">
                          <gml:pos>30.506208 -97.750001</gml:pos>
                        </gml:Point>
                        <gml:Point gml:id="point_1">
                          <gml:pos>30.510704 -97.750001</gml:pos>
                        </gml:Point>
                        <gml:Point gml:id="point_1">
                          <gml:pos>30.515201 -97.750001</gml:pos>
                        </gml:Point>
                        <gml:Point gml:id="point_1">
                          <gml:pos>30.519697 -97.750001</gml:pos>
                        </gml:Point>
                        <gml:Point gml:id="point_1">
                          <gml:pos>30.524194 -97.750001</gml:pos>
                        </gml:Point>
                        <gml:Point gml:id="point_1">
                          <gml:pos>30.33708 -97.7088</gml:pos>
                        </gml:Point>
                        <gml:Point gml:id="point_1">
                          <gml:pos>30.32584 -97.7218</gml:pos>
                        </gml:Point>
                        <gml:Point gml:id="point_1">
                          <gml:pos>30.33033 -97.7218</gml:pos>
                        </gml:Point>
                        <gml:Point gml:id="point_1">
                          <gml:pos>30.33483 -97.7218</gml:pos>
                        </gml:Point>
                        <gml:Point gml:id="point_1">
                          <gml:pos>30.33933 -97.7218</gml:pos>
                        </gml:Point>
                        <gml:Point gml:id="point_1">
                          <gml:pos>30.34382 -97.7218</gml:pos>
                        </gml:Point>
                        <gml:Point gml:id="point_1">
                          <gml:pos>30.34832 -97.7218</gml:pos>
                        </gml:Point>
                        <gml:Point gml:id="point_1">
                          <gml:pos>30.32584 -97.7166</gml:pos>
                        </gml:Point>
                        <gml:Point gml:id="point_1">
                          <gml:pos>30.33033 -97.7166</gml:pos>
                        </gml:Point>
                        <gml:Point gml:id="point_1">
                          <gml:pos>30.33483 -97.7166</gml:pos>
                        </gml:Point>
                        <gml:Point gml:id="point_1">
                          <gml:pos>30.33933 -97.7166</gml:pos>
                        </gml:Point>
                        <gml:Point gml:id="point_1">
                          <gml:pos>30.34382 -97.7166</gml:pos>
                        </gml:Point>
                        <gml:Point gml:id="point_1">
                          <gml:pos>30.34832 -97.7166</gml:pos>
                        </gml:Point>
                        <gml:Point gml:id="point_1">
                          <gml:pos>30.32584 -97.7114</gml:pos>
                        </gml:Point>
                        <gml:Point gml:id="point_1">
                          <gml:pos>30.33033 -97.7114</gml:pos>
                        </gml:Point>
                        <gml:Point gml:id="point_1">
                          <gml:pos>30.33483 -97.7114</gml:pos>
                        </gml:Point>
                        <gml:Point gml:id="point_1">
                          <gml:pos>30.33933 -97.7114</gml:pos>
                        </gml:Point>
                        <gml:Point gml:id="point_1">
                          <gml:pos>30.34382 -97.7114</gml:pos>
                        </gml:Point>
                        <gml:Point gml:id="point_1">
                          <gml:pos>30.34832 -97.7114</gml:pos>
                        </gml:Point>
                        <gml:Point gml:id="point_1">
                          <gml:pos>30.32584 -97.7062</gml:pos>
                        </gml:Point>
                        <gml:Point gml:id="point_1">
                          <gml:pos>30.33033 -97.7062</gml:pos>
                        </gml:Point>
                        <gml:Point gml:id="point_1">
                          <gml:pos>30.33483 -97.7062</gml:pos>
                        </gml:Point>
                        <gml:Point gml:id="point_1">
                          <gml:pos>30.33933 -97.7062</gml:pos>
                        </gml:Point>
                        <gml:Point gml:id="point_1">
                          <gml:pos>30.34382 -97.7062</gml:pos>
                        </gml:Point>
                        <gml:Point gml:id="point_1">
                          <gml:pos>30.34832 -97.7062</gml:pos>
                        </gml:Point>
                        <gml:Point gml:id="point_1">
                          <gml:pos>30.32584 -97.701</gml:pos>
                        </gml:Point>
                        <gml:Point gml:id="point_1">
                          <gml:pos>30.33033 -97.701</gml:pos>
                        </gml:Point>
                        <gml:Point gml:id="point_1">
                          <gml:pos>30.33483 -97.701</gml:pos>
                        </gml:Point>
                        <gml:Point gml:id="point_1">
                          <gml:pos>30.33933 -97.701</gml:pos>
                        </gml:Point>
                        <gml:Point gml:id="point_1">
                          <gml:pos>30.34382 -97.701</gml:pos>
                        </gml:Point>
                        <gml:Point gml:id="point_1">
                          <gml:pos>30.34832 -97.701</gml:pos>
                        </gml:Point>
                        <gml:Point gml:id="point_1">
                          <gml:pos>30.32584 -97.6958</gml:pos>
                        </gml:Point>
                        <gml:Point gml:id="point_1">
                          <gml:pos>30.33033 -97.6958</gml:pos>
                        </gml:Point>
                        <gml:Point gml:id="point_1">
                          <gml:pos>30.33483 -97.6958</gml:pos>
                        </gml:Point>
                        <gml:Point gml:id="point_1">
                          <gml:pos>30.33933 -97.6958</gml:pos>
                        </gml:Point>
                        <gml:Point gml:id="point_1">
                          <gml:pos>30.34382 -97.6958</gml:pos>
                        </gml:Point>
                        <gml:Point gml:id="point_1">
                          <gml:pos>30.34832 -97.6958</gml:pos>
                        </gml:Point>
                        <gml:Point gml:id="point_1">
                          <gml:pos>30.20064491 -97.88769704</gml:pos>
                        </gml:Point>
                        <gml:Point gml:id="point_1">
                          <gml:pos>30.18940341 -97.9007025</gml:pos>
                        </gml:Point>
                        <gml:Point gml:id="point_1">
                          <gml:pos>30.19390001 -97.9007025</gml:pos>
                        </gml:Point>
                        <gml:Point gml:id="point_1">
                          <gml:pos>30.19839661 -97.9007025</gml:pos>
                        </gml:Point>
                        <gml:Point gml:id="point_1">
                          <gml:pos>30.20289321 -97.9007025</gml:pos>
                        </gml:Point>
                        <gml:Point gml:id="point_1">
                          <gml:pos>30.20738981 -97.9007025</gml:pos>
                        </gml:Point>
                        <gml:Point gml:id="point_1">
                          <gml:pos>30.21188641 -97.9007025</gml:pos>
                        </gml:Point>
                        <gml:Point gml:id="point_1">
                          <gml:pos>30.18940341 -97.89550032</gml:pos>
                        </gml:Point>
                        <gml:Point gml:id="point_1">
                          <gml:pos>30.19390001 -97.89550032</gml:pos>
                        </gml:Point>
                        <gml:Point gml:id="point_1">
                          <gml:pos>30.19839661 -97.89550032</gml:pos>
                        </gml:Point>
                        <gml:Point gml:id="point_1">
                          <gml:pos>30.20289321 -97.89550032</gml:pos>
                        </gml:Point>
                        <gml:Point gml:id="point_1">
                          <gml:pos>30.20738981 -97.89550032</gml:pos>
                        </gml:Point>
                        <gml:Point gml:id="point_1">
                          <gml:pos>30.21188641 -97.89550032</gml:pos>
                        </gml:Point>
                        <gml:Point gml:id="point_1">
                          <gml:pos>30.18940341 -97.89029813</gml:pos>
                        </gml:Point>
                        <gml:Point gml:id="point_1">
                          <gml:pos>30.19390001 -97.89029813</gml:pos>
                        </gml:Point>
                        <gml:Point gml:id="point_1">
                          <gml:pos>30.19839661 -97.89029813</gml:pos>
                        </gml:Point>
                        <gml:Point gml:id="point_1">
                          <gml:pos>30.20289321 -97.89029813</gml:pos>
                        </gml:Point>
                        <gml:Point gml:id="point_1">
                          <gml:pos>30.20738981 -97.89029813</gml:pos>
                        </gml:Point>
                        <gml:Point gml:id="point_1">
                          <gml:pos>30.21188641 -97.89029813</gml:pos>
                        </gml:Point>
                        <gml:Point gml:id="point_1">
                          <gml:pos>30.18940341 -97.88509594</gml:pos>
                        </gml:Point>
                        <gml:Point gml:id="point_1">
                          <gml:pos>30.19390001 -97.88509594</gml:pos>
                        </gml:Point>
                        <gml:Point gml:id="point_1">
                          <gml:pos>30.19839661 -97.88509594</gml:pos>
                        </gml:Point>
                        <gml:Point gml:id="point_1">
                          <gml:pos>30.20289321 -97.88509594</gml:pos>
                        </gml:Point>
                        <gml:Point gml:id="point_1">
                          <gml:pos>30.20738981 -97.88509594</gml:pos>
                        </gml:Point>
                        <gml:Point gml:id="point_1">
                          <gml:pos>30.21188641 -97.88509594</gml:pos>
                        </gml:Point>
                        <gml:Point gml:id="point_1">
                          <gml:pos>30.18940341 -97.87989376</gml:pos>
                        </gml:Point>
                        <gml:Point gml:id="point_1">
                          <gml:pos>30.19390001 -97.87989376</gml:pos>
                        </gml:Point>
                        <gml:Point gml:id="point_1">
                          <gml:pos>30.19839661 -97.87989376</gml:pos>
                        </gml:Point>
                        <gml:Point gml:id="point_1">
                          <gml:pos>30.20289321 -97.87989376</gml:pos>
                        </gml:Point>
                        <gml:Point gml:id="point_1">
                          <gml:pos>30.20738981 -97.87989376</gml:pos>
                        </gml:Point>
                        <gml:Point gml:id="point_1">
                          <gml:pos>30.21188641 -97.87989376</gml:pos>
                        </gml:Point>
                        <gml:Point gml:id="point_1">
                          <gml:pos>30.18940341 -97.87469157</gml:pos>
                        </gml:Point>
                        <gml:Point gml:id="point_1">
                          <gml:pos>30.19390001 -97.87469157</gml:pos>
                        </gml:Point>
                        <gml:Point gml:id="point_1">
                          <gml:pos>30.19839661 -97.87469157</gml:pos>
                        </gml:Point>
                        <gml:Point gml:id="point_1">
                          <gml:pos>30.20289321 -97.87469157</gml:pos>
                        </gml:Point>
                        <gml:Point gml:id="point_1">
                          <gml:pos>30.20738981 -97.87469157</gml:pos>
                        </gml:Point>
                        <gml:Point gml:id="point_1">
                          <gml:pos>30.21188641 -97.87469157</gml:pos>
                        </gml:Point>
                        <gml:Point gml:id="point_1">
                          <gml:pos>30.5454346 -97.74148063</gml:pos>
                        </gml:Point>
                        <gml:Point gml:id="point_1">
                          <gml:pos>30.53419309 -97.75453202</gml:pos>
                        </gml:Point>
                        <gml:Point gml:id="point_1">
                          <gml:pos>30.5386897 -97.75453202</gml:pos>
                        </gml:Point>
                        <gml:Point gml:id="point_1">
                          <gml:pos>30.5431863 -97.75453202</gml:pos>
                        </gml:Point>
                        <gml:Point gml:id="point_1">
                          <gml:pos>30.5476829 -97.75453202</gml:pos>
                        </gml:Point>
                        <gml:Point gml:id="point_1">
                          <gml:pos>30.5521795 -97.75453202</gml:pos>
                        </gml:Point>
                        <gml:Point gml:id="point_1">
                          <gml:pos>30.5566761 -97.75453202</gml:pos>
                        </gml:Point>
                        <gml:Point gml:id="point_1">
                          <gml:pos>30.53419309 -97.74931147</gml:pos>
                        </gml:Point>
                        <gml:Point gml:id="point_1">
                          <gml:pos>30.5386897 -97.74931147</gml:pos>
                        </gml:Point>
                        <gml:Point gml:id="point_1">
                          <gml:pos>30.5431863 -97.74931147</gml:pos>
                        </gml:Point>
                        <gml:Point gml:id="point_1">
                          <gml:pos>30.5476829 -97.74931147</gml:pos>
                        </gml:Point>
                        <gml:Point gml:id="point_1">
                          <gml:pos>30.5521795 -97.74931147</gml:pos>
                        </gml:Point>
                        <gml:Point gml:id="point_1">
                          <gml:pos>30.5566761 -97.74931147</gml:pos>
                        </gml:Point>
                        <gml:Point gml:id="point_1">
                          <gml:pos>30.53419309 -97.74409091</gml:pos>
                        </gml:Point>
                        <gml:Point gml:id="point_1">
                          <gml:pos>30.5386897 -97.74409091</gml:pos>
                        </gml:Point>
                        <gml:Point gml:id="point_1">
                          <gml:pos>30.5431863 -97.74409091</gml:pos>
                        </gml:Point>
                        <gml:Point gml:id="point_1">
                          <gml:pos>30.5476829 -97.74409091</gml:pos>
                        </gml:Point>
                        <gml:Point gml:id="point_1">
                          <gml:pos>30.5521795 -97.74409091</gml:pos>
                        </gml:Point>
                        <gml:Point gml:id="point_1">
                          <gml:pos>30.5566761 -97.74409091</gml:pos>
                        </gml:Point>
                        <gml:Point gml:id="point_1">
                          <gml:pos>30.53419309 -97.73887035</gml:pos>
                        </gml:Point>
                        <gml:Point gml:id="point_1">
                          <gml:pos>30.5386897 -97.73887035</gml:pos>
                        </gml:Point>
                        <gml:Point gml:id="point_1">
                          <gml:pos>30.5431863 -97.73887035</gml:pos>
                        </gml:Point>
                        <gml:Point gml:id="point_1">
                          <gml:pos>30.5476829 -97.73887035</gml:pos>
                        </gml:Point>
                        <gml:Point gml:id="point_1">
                          <gml:pos>30.5521795 -97.73887035</gml:pos>
                        </gml:Point>
                        <gml:Point gml:id="point_1">
                          <gml:pos>30.5566761 -97.73887035</gml:pos>
                        </gml:Point>
                        <gml:Point gml:id="point_1">
                          <gml:pos>30.53419309 -97.7336498</gml:pos>
                        </gml:Point>
                        <gml:Point gml:id="point_1">
                          <gml:pos>30.5386897 -97.7336498</gml:pos>
                        </gml:Point>
                        <gml:Point gml:id="point_1">
                          <gml:pos>30.5431863 -97.7336498</gml:pos>
                        </gml:Point>
                        <gml:Point gml:id="point_1">
                          <gml:pos>30.5476829 -97.7336498</gml:pos>
                        </gml:Point>
                        <gml:Point gml:id="point_1">
                          <gml:pos>30.5521795 -97.7336498</gml:pos>
                        </gml:Point>
                        <gml:Point gml:id="point_1">
                          <gml:pos>30.5566761 -97.7336498</gml:pos>
                        </gml:Point>
                        <gml:Point gml:id="point_1">
                          <gml:pos>30.53419309 -97.72842924</gml:pos>
                        </gml:Point>
                        <gml:Point gml:id="point_1">
                          <gml:pos>30.5386897 -97.72842924</gml:pos>
                        </gml:Point>
                        <gml:Point gml:id="point_1">
                          <gml:pos>30.5431863 -97.72842924</gml:pos>
                        </gml:Point>
                        <gml:Point gml:id="point_1">
                          <gml:pos>30.5476829 -97.72842924</gml:pos>
                        </gml:Point>
                        <gml:Point gml:id="point_1">
                          <gml:pos>30.5521795 -97.72842924</gml:pos>
                        </gml:Point>
                        <gml:Point gml:id="point_1">
                          <gml:pos>30.5566761 -97.72842924</gml:pos>
                        </gml:Point>
                        <gml:Point gml:id="point_1">
                          <gml:pos>30.53633466 -97.72093445</gml:pos>
                        </gml:Point>
                        <gml:Point gml:id="point_1">
                          <gml:pos>30.52509316 -97.73398462</gml:pos>
                        </gml:Point>
                        <gml:Point gml:id="point_1">
                          <gml:pos>30.52958976 -97.73398462</gml:pos>
                        </gml:Point>
                        <gml:Point gml:id="point_1">
                          <gml:pos>30.53408636 -97.73398462</gml:pos>
                        </gml:Point>
                        <gml:Point gml:id="point_1">
                          <gml:pos>30.53858296 -97.73398462</gml:pos>
                        </gml:Point>
                        <gml:Point gml:id="point_1">
                          <gml:pos>30.54307957 -97.73398462</gml:pos>
                        </gml:Point>
                        <gml:Point gml:id="point_1">
                          <gml:pos>30.54757617 -97.73398462</gml:pos>
                        </gml:Point>
                        <gml:Point gml:id="point_1">
                          <gml:pos>30.52509316 -97.72876455</gml:pos>
                        </gml:Point>
                        <gml:Point gml:id="point_1">
                          <gml:pos>30.52958976 -97.72876455</gml:pos>
                        </gml:Point>
                        <gml:Point gml:id="point_1">
                          <gml:pos>30.53408636 -97.72876455</gml:pos>
                        </gml:Point>
                        <gml:Point gml:id="point_1">
                          <gml:pos>30.53858296 -97.72876455</gml:pos>
                        </gml:Point>
                        <gml:Point gml:id="point_1">
                          <gml:pos>30.54307957 -97.72876455</gml:pos>
                        </gml:Point>
                        <gml:Point gml:id="point_1">
                          <gml:pos>30.54757617 -97.72876455</gml:pos>
                        </gml:Point>
                        <gml:Point gml:id="point_1">
                          <gml:pos>30.52509316 -97.72354448</gml:pos>
                        </gml:Point>
                        <gml:Point gml:id="point_1">
                          <gml:pos>30.52958976 -97.72354448</gml:pos>
                        </gml:Point>
                        <gml:Point gml:id="point_1">
                          <gml:pos>30.53408636 -97.72354448</gml:pos>
                        </gml:Point>
                        <gml:Point gml:id="point_1">
                          <gml:pos>30.53858296 -97.72354448</gml:pos>
                        </gml:Point>
                        <gml:Point gml:id="point_1">
                          <gml:pos>30.54307957 -97.72354448</gml:pos>
                        </gml:Point>
                        <gml:Point gml:id="point_1">
                          <gml:pos>30.54757617 -97.72354448</gml:pos>
                        </gml:Point>
                        <gml:Point gml:id="point_1">
                          <gml:pos>30.52509316 -97.71832442</gml:pos>
                        </gml:Point>
                        <gml:Point gml:id="point_1">
                          <gml:pos>30.52958976 -97.71832442</gml:pos>
                        </gml:Point>
                        <gml:Point gml:id="point_1">
                          <gml:pos>30.53408636 -97.71832442</gml:pos>
                        </gml:Point>
                        <gml:Point gml:id="point_1">
                          <gml:pos>30.53858296 -97.71832442</gml:pos>
                        </gml:Point>
                        <gml:Point gml:id="point_1">
                          <gml:pos>30.54307957 -97.71832442</gml:pos>
                        </gml:Point>
                        <gml:Point gml:id="point_1">
                          <gml:pos>30.54757617 -97.71832442</gml:pos>
                        </gml:Point>
                        <gml:Point gml:id="point_1">
                          <gml:pos>30.52509316 -97.71310435</gml:pos>
                        </gml:Point>
                        <gml:Point gml:id="point_1">
                          <gml:pos>30.52958976 -97.71310435</gml:pos>
                        </gml:Point>
                        <gml:Point gml:id="point_1">
                          <gml:pos>30.53408636 -97.71310435</gml:pos>
                        </gml:Point>
                        <gml:Point gml:id="point_1">
                          <gml:pos>30.53858296 -97.71310435</gml:pos>
                        </gml:Point>
                        <gml:Point gml:id="point_1">
                          <gml:pos>30.54307957 -97.71310435</gml:pos>
                        </gml:Point>
                        <gml:Point gml:id="point_1">
                          <gml:pos>30.54757617 -97.71310435</gml:pos>
                        </gml:Point>
                        <gml:Point gml:id="point_1">
                          <gml:pos>30.52509316 -97.70788428</gml:pos>
                        </gml:Point>
                        <gml:Point gml:id="point_1">
                          <gml:pos>30.52958976 -97.70788428</gml:pos>
                        </gml:Point>
                        <gml:Point gml:id="point_1">
                          <gml:pos>30.53408636 -97.70788428</gml:pos>
                        </gml:Point>
                        <gml:Point gml:id="point_1">
                          <gml:pos>30.53858296 -97.70788428</gml:pos>
                        </gml:Point>
                        <gml:Point gml:id="point_1">
                          <gml:pos>30.54307957 -97.70788428</gml:pos>
                        </gml:Point>
                        <gml:Point gml:id="point_1">
                          <gml:pos>30.54757617 -97.70788428</gml:pos>
                        </gml:Point>
                        <gml:Point gml:id="point_1">
                          <gml:pos>30.32107395 -97.98497267</gml:pos>
                        </gml:Point>
                        <gml:Point gml:id="point_1">
                          <gml:pos>30.30983245 -97.99799409</gml:pos>
                        </gml:Point>
                        <gml:Point gml:id="point_1">
                          <gml:pos>30.31432905 -97.99799409</gml:pos>
                        </gml:Point>
                        <gml:Point gml:id="point_1">
                          <gml:pos>30.31882565 -97.99799409</gml:pos>
                        </gml:Point>
                        <gml:Point gml:id="point_1">
                          <gml:pos>30.32332226 -97.99799409</gml:pos>
                        </gml:Point>
                        <gml:Point gml:id="point_1">
                          <gml:pos>30.32781886 -97.99799409</gml:pos>
                        </gml:Point>
                        <gml:Point gml:id="point_1">
                          <gml:pos>30.33231546 -97.99799409</gml:pos>
                        </gml:Point>
                        <gml:Point gml:id="point_1">
                          <gml:pos>30.30983245 -97.99278552</gml:pos>
                        </gml:Point>
                        <gml:Point gml:id="point_1">
                          <gml:pos>30.31432905 -97.99278552</gml:pos>
                        </gml:Point>
                        <gml:Point gml:id="point_1">
                          <gml:pos>30.31882565 -97.99278552</gml:pos>
                        </gml:Point>
                        <gml:Point gml:id="point_1">
                          <gml:pos>30.32332226 -97.99278552</gml:pos>
                        </gml:Point>
                        <gml:Point gml:id="point_1">
                          <gml:pos>30.32781886 -97.99278552</gml:pos>
                        </gml:Point>
                        <gml:Point gml:id="point_1">
                          <gml:pos>30.33231546 -97.99278552</gml:pos>
                        </gml:Point>
                        <gml:Point gml:id="point_1">
                          <gml:pos>30.30983245 -97.98757696</gml:pos>
                        </gml:Point>
                        <gml:Point gml:id="point_1">
                          <gml:pos>30.31432905 -97.98757696</gml:pos>
                        </gml:Point>
                        <gml:Point gml:id="point_1">
                          <gml:pos>30.31882565 -97.98757696</gml:pos>
                        </gml:Point>
                        <gml:Point gml:id="point_1">
                          <gml:pos>30.32332226 -97.98757696</gml:pos>
                        </gml:Point>
                        <gml:Point gml:id="point_1">
                          <gml:pos>30.32781886 -97.98757696</gml:pos>
                        </gml:Point>
                        <gml:Point gml:id="point_1">
                          <gml:pos>30.33231546 -97.98757696</gml:pos>
                        </gml:Point>
                        <gml:Point gml:id="point_1">
                          <gml:pos>30.30983245 -97.98236839</gml:pos>
                        </gml:Point>
                        <gml:Point gml:id="point_1">
                          <gml:pos>30.31432905 -97.98236839</gml:pos>
                        </gml:Point>
                        <gml:Point gml:id="point_1">
                          <gml:pos>30.31882565 -97.98236839</gml:pos>
                        </gml:Point>
                        <gml:Point gml:id="point_1">
                          <gml:pos>30.32332226 -97.98236839</gml:pos>
                        </gml:Point>
                        <gml:Point gml:id="point_1">
                          <gml:pos>30.32781886 -97.98236839</gml:pos>
                        </gml:Point>
                        <gml:Point gml:id="point_1">
                          <gml:pos>30.33231546 -97.98236839</gml:pos>
                        </gml:Point>
                        <gml:Point gml:id="point_1">
                          <gml:pos>30.30983245 -97.97715982</gml:pos>
                        </gml:Point>
                        <gml:Point gml:id="point_1">
                          <gml:pos>30.31432905 -97.97715982</gml:pos>
                        </gml:Point>
                        <gml:Point gml:id="point_1">
                          <gml:pos>30.31882565 -97.97715982</gml:pos>
                        </gml:Point>
                        <gml:Point gml:id="point_1">
                          <gml:pos>30.32332226 -97.97715982</gml:pos>
                        </gml:Point>
                        <gml:Point gml:id="point_1">
                          <gml:pos>30.32781886 -97.97715982</gml:pos>
                        </gml:Point>
                        <gml:Point gml:id="point_1">
                          <gml:pos>30.33231546 -97.97715982</gml:pos>
                        </gml:Point>
                        <gml:Point gml:id="point_1">
                          <gml:pos>30.30983245 -97.97195126</gml:pos>
                        </gml:Point>
                        <gml:Point gml:id="point_1">
                          <gml:pos>30.31432905 -97.97195126</gml:pos>
                        </gml:Point>
                        <gml:Point gml:id="point_1">
                          <gml:pos>30.31882565 -97.97195126</gml:pos>
                        </gml:Point>
                        <gml:Point gml:id="point_1">
                          <gml:pos>30.32332226 -97.97195126</gml:pos>
                        </gml:Point>
                        <gml:Point gml:id="point_1">
                          <gml:pos>30.32781886 -97.97195126</gml:pos>
                        </gml:Point>
                        <gml:Point gml:id="point_1">
                          <gml:pos>30.33231546 -97.97195126</gml:pos>
                        </gml:Point>
                        <gml:Point gml:id="point_1">
                          <gml:pos>30.4101341 -97.75686264</gml:pos>
                        </gml:Point>
                        <gml:Point gml:id="point_1">
                          <gml:pos>30.39889259 -97.76989591</gml:pos>
                        </gml:Point>
                        <gml:Point gml:id="point_1">
                          <gml:pos>30.40338919 -97.76989591</gml:pos>
                        </gml:Point>
                        <gml:Point gml:id="point_1">
                          <gml:pos>30.4078858 -97.76989591</gml:pos>
                        </gml:Point>
                        <gml:Point gml:id="point_1">
                          <gml:pos>30.4123824 -97.76989591</gml:pos>
                        </gml:Point>
                        <gml:Point gml:id="point_1">
                          <gml:pos>30.416879 -97.76989591</gml:pos>
                        </gml:Point>
                        <gml:Point gml:id="point_1">
                          <gml:pos>30.4213756 -97.76989591</gml:pos>
                        </gml:Point>
                        <gml:Point gml:id="point_1">
                          <gml:pos>30.39889259 -97.7646826</gml:pos>
                        </gml:Point>
                        <gml:Point gml:id="point_1">
                          <gml:pos>30.40338919 -97.7646826</gml:pos>
                        </gml:Point>
                        <gml:Point gml:id="point_1">
                          <gml:pos>30.4078858 -97.7646826</gml:pos>
                        </gml:Point>
                        <gml:Point gml:id="point_1">
                          <gml:pos>30.4123824 -97.7646826</gml:pos>
                        </gml:Point>
                        <gml:Point gml:id="point_1">
                          <gml:pos>30.416879 -97.7646826</gml:pos>
                        </gml:Point>
                        <gml:Point gml:id="point_1">
                          <gml:pos>30.4213756 -97.7646826</gml:pos>
                        </gml:Point>
                        <gml:Point gml:id="point_1">
                          <gml:pos>30.39889259 -97.7594693</gml:pos>
                        </gml:Point>
                        <gml:Point gml:id="point_1">
                          <gml:pos>30.40338919 -97.7594693</gml:pos>
                        </gml:Point>
                        <gml:Point gml:id="point_1">
                          <gml:pos>30.4078858 -97.7594693</gml:pos>
                        </gml:Point>
                        <gml:Point gml:id="point_1">
                          <gml:pos>30.4123824 -97.7594693</gml:pos>
                        </gml:Point>
                        <gml:Point gml:id="point_1">
                          <gml:pos>30.416879 -97.7594693</gml:pos>
                        </gml:Point>
                        <gml:Point gml:id="point_1">
                          <gml:pos>30.4213756 -97.7594693</gml:pos>
                        </gml:Point>
                        <gml:Point gml:id="point_1">
                          <gml:pos>30.39889259 -97.75425599</gml:pos>
                        </gml:Point>
                        <gml:Point gml:id="point_1">
                          <gml:pos>30.40338919 -97.75425599</gml:pos>
                        </gml:Point>
                        <gml:Point gml:id="point_1">
                          <gml:pos>30.4078858 -97.75425599</gml:pos>
                        </gml:Point>
                        <gml:Point gml:id="point_1">
                          <gml:pos>30.4123824 -97.75425599</gml:pos>
                        </gml:Point>
                        <gml:Point gml:id="point_1">
                          <gml:pos>30.416879 -97.75425599</gml:pos>
                        </gml:Point>
                        <gml:Point gml:id="point_1">
                          <gml:pos>30.4213756 -97.75425599</gml:pos>
                        </gml:Point>
                        <gml:Point gml:id="point_1">
                          <gml:pos>30.39889259 -97.74904268</gml:pos>
                        </gml:Point>
                        <gml:Point gml:id="point_1">
                          <gml:pos>30.40338919 -97.74904268</gml:pos>
                        </gml:Point>
                        <gml:Point gml:id="point_1">
                          <gml:pos>30.4078858 -97.74904268</gml:pos>
                        </gml:Point>
                        <gml:Point gml:id="point_1">
                          <gml:pos>30.4123824 -97.74904268</gml:pos>
                        </gml:Point>
                        <gml:Point gml:id="point_1">
                          <gml:pos>30.416879 -97.74904268</gml:pos>
                        </gml:Point>
                        <gml:Point gml:id="point_1">
                          <gml:pos>30.4213756 -97.74904268</gml:pos>
                        </gml:Point>
                        <gml:Point gml:id="point_1">
                          <gml:pos>30.39889259 -97.74382937</gml:pos>
                        </gml:Point>
                        <gml:Point gml:id="point_1">
                          <gml:pos>30.40338919 -97.74382937</gml:pos>
                        </gml:Point>
                        <gml:Point gml:id="point_1">
                          <gml:pos>30.4078858 -97.74382937</gml:pos>
                        </gml:Point>
                        <gml:Point gml:id="point_1">
                          <gml:pos>30.4123824 -97.74382937</gml:pos>
                        </gml:Point>
                        <gml:Point gml:id="point_1">
                          <gml:pos>30.416879 -97.74382937</gml:pos>
                        </gml:Point>
                        <gml:Point gml:id="point_1">
                          <gml:pos>30.4213756 -97.74382937</gml:pos>
                        </gml:Point>
                        <gml:Point gml:id="point_1">
                          <gml:pos>30.50039046 -97.76262403</gml:pos>
                        </gml:Point>
                        <gml:Point gml:id="point_1">
                          <gml:pos>30.48914895 -97.77566937</gml:pos>
                        </gml:Point>
                        <gml:Point gml:id="point_1">
                          <gml:pos>30.49364555 -97.77566937</gml:pos>
                        </gml:Point>
                        <gml:Point gml:id="point_1">
                          <gml:pos>30.49814215 -97.77566937</gml:pos>
                        </gml:Point>
                        <gml:Point gml:id="point_1">
                          <gml:pos>30.50263876 -97.77566937</gml:pos>
                        </gml:Point>
                        <gml:Point gml:id="point_1">
                          <gml:pos>30.50713536 -97.77566937</gml:pos>
                        </gml:Point>
                        <gml:Point gml:id="point_1">
                          <gml:pos>30.51163196 -97.77566937</gml:pos>
                        </gml:Point>
                        <gml:Point gml:id="point_1">
                          <gml:pos>30.48914895 -97.77045123</gml:pos>
                        </gml:Point>
                        <gml:Point gml:id="point_1">
                          <gml:pos>30.49364555 -97.77045123</gml:pos>
                        </gml:Point>
                        <gml:Point gml:id="point_1">
                          <gml:pos>30.49814215 -97.77045123</gml:pos>
                        </gml:Point>
                        <gml:Point gml:id="point_1">
                          <gml:pos>30.50263876 -97.77045123</gml:pos>
                        </gml:Point>
                        <gml:Point gml:id="point_1">
                          <gml:pos>30.50713536 -97.77045123</gml:pos>
                        </gml:Point>
                        <gml:Point gml:id="point_1">
                          <gml:pos>30.51163196 -97.77045123</gml:pos>
                        </gml:Point>
                        <gml:Point gml:id="point_1">
                          <gml:pos>30.48914895 -97.76523309</gml:pos>
                        </gml:Point>
                        <gml:Point gml:id="point_1">
                          <gml:pos>30.49364555 -97.76523309</gml:pos>
                        </gml:Point>
                        <gml:Point gml:id="point_1">
                          <gml:pos>30.49814215 -97.76523309</gml:pos>
                        </gml:Point>
                        <gml:Point gml:id="point_1">
                          <gml:pos>30.50263876 -97.76523309</gml:pos>
                        </gml:Point>
                        <gml:Point gml:id="point_1">
                          <gml:pos>30.50713536 -97.76523309</gml:pos>
                        </gml:Point>
                        <gml:Point gml:id="point_1">
                          <gml:pos>30.51163196 -97.76523309</gml:pos>
                        </gml:Point>
                        <gml:Point gml:id="point_1">
                          <gml:pos>30.48914895 -97.76001496</gml:pos>
                        </gml:Point>
                        <gml:Point gml:id="point_1">
                          <gml:pos>30.49364555 -97.76001496</gml:pos>
                        </gml:Point>
                        <gml:Point gml:id="point_1">
                          <gml:pos>30.49814215 -97.76001496</gml:pos>
                        </gml:Point>
                        <gml:Point gml:id="point_1">
                          <gml:pos>30.50263876 -97.76001496</gml:pos>
                        </gml:Point>
                        <gml:Point gml:id="point_1">
                          <gml:pos>30.50713536 -97.76001496</gml:pos>
                        </gml:Point>
                        <gml:Point gml:id="point_1">
                          <gml:pos>30.51163196 -97.76001496</gml:pos>
                        </gml:Point>
                        <gml:Point gml:id="point_1">
                          <gml:pos>30.48914895 -97.75479682</gml:pos>
                        </gml:Point>
                        <gml:Point gml:id="point_1">
                          <gml:pos>30.49364555 -97.75479682</gml:pos>
                        </gml:Point>
                        <gml:Point gml:id="point_1">
                          <gml:pos>30.49814215 -97.75479682</gml:pos>
                        </gml:Point>
                        <gml:Point gml:id="point_1">
                          <gml:pos>30.50263876 -97.75479682</gml:pos>
                        </gml:Point>
                        <gml:Point gml:id="point_1">
                          <gml:pos>30.50713536 -97.75479682</gml:pos>
                        </gml:Point>
                        <gml:Point gml:id="point_1">
                          <gml:pos>30.51163196 -97.75479682</gml:pos>
                        </gml:Point>
                        <gml:Point gml:id="point_1">
                          <gml:pos>30.48914895 -97.74957868</gml:pos>
                        </gml:Point>
                        <gml:Point gml:id="point_1">
                          <gml:pos>30.49364555 -97.74957868</gml:pos>
                        </gml:Point>
                        <gml:Point gml:id="point_1">
                          <gml:pos>30.49814215 -97.74957868</gml:pos>
                        </gml:Point>
                        <gml:Point gml:id="point_1">
                          <gml:pos>30.50263876 -97.74957868</gml:pos>
                        </gml:Point>
                        <gml:Point gml:id="point_1">
                          <gml:pos>30.50713536 -97.74957868</gml:pos>
                        </gml:Point>
                        <gml:Point gml:id="point_1">
                          <gml:pos>30.51163196 -97.74957868</gml:pos>
                        </gml:Point>
                        <gml:Point gml:id="point_1">
                          <gml:pos>30.44493133 -97.76524795</gml:pos>
                        </gml:Point>
                        <gml:Point gml:id="point_1">
                          <gml:pos>30.42244832 -97.76003338</gml:pos>
                        </gml:Point>
                        <gml:Point gml:id="point_1">
                          <gml:pos>30.42694492 -97.76003338</gml:pos>
                        </gml:Point>
                        <gml:Point gml:id="point_1">
                          <gml:pos>30.43144153 -97.76003338</gml:pos>
                        </gml:Point>
                        <gml:Point gml:id="point_1">
                          <gml:pos>30.43593813 -97.76003338</gml:pos>
                        </gml:Point>
                        <gml:Point gml:id="point_1">
                          <gml:pos>30.44043473 -97.76003338</gml:pos>
                        </gml:Point>
                        <gml:Point gml:id="point_1">
                          <gml:pos>30.44493133 -97.76003338</gml:pos>
                        </gml:Point>
                        <gml:Point gml:id="point_1">
                          <gml:pos>30.50993467 -97.74446279</gml:pos>
                        </gml:Point>
                        <gml:Point gml:id="point_1">
                          <gml:pos>30.49869316 -97.75750941</gml:pos>
                        </gml:Point>
                        <gml:Point gml:id="point_1">
                          <gml:pos>30.50318976 -97.75750941</gml:pos>
                        </gml:Point>
                        <gml:Point gml:id="point_1">
                          <gml:pos>30.50768637 -97.75750941</gml:pos>
                        </gml:Point>
                        <gml:Point gml:id="point_1">
                          <gml:pos>30.51218297 -97.75750941</gml:pos>
                        </gml:Point>
                        <gml:Point gml:id="point_1">
                          <gml:pos>30.51667957 -97.75750941</gml:pos>
                        </gml:Point>
                        <gml:Point gml:id="point_1">
                          <gml:pos>30.52117617 -97.75750941</gml:pos>
                        </gml:Point>
                        <gml:Point gml:id="point_1">
                          <gml:pos>30.49869316 -97.75229076</gml:pos>
                        </gml:Point>
                        <gml:Point gml:id="point_1">
                          <gml:pos>30.50318976 -97.75229076</gml:pos>
                        </gml:Point>
                        <gml:Point gml:id="point_1">
                          <gml:pos>30.50768637 -97.75229076</gml:pos>
                        </gml:Point>
                        <gml:Point gml:id="point_1">
                          <gml:pos>30.51218297 -97.75229076</gml:pos>
                        </gml:Point>
                        <gml:Point gml:id="point_1">
                          <gml:pos>30.51667957 -97.75229076</gml:pos>
                        </gml:Point>
                        <gml:Point gml:id="point_1">
                          <gml:pos>30.52117617 -97.75229076</gml:pos>
                        </gml:Point>
                        <gml:Point gml:id="point_1">
                          <gml:pos>30.49869316 -97.74707211</gml:pos>
                        </gml:Point>
                        <gml:Point gml:id="point_1">
                          <gml:pos>30.50318976 -97.74707211</gml:pos>
                        </gml:Point>
                        <gml:Point gml:id="point_1">
                          <gml:pos>30.50768637 -97.74707211</gml:pos>
                        </gml:Point>
                        <gml:Point gml:id="point_1">
                          <gml:pos>30.51218297 -97.74707211</gml:pos>
                        </gml:Point>
                        <gml:Point gml:id="point_1">
                          <gml:pos>30.51667957 -97.74707211</gml:pos>
                        </gml:Point>
                        <gml:Point gml:id="point_1">
                          <gml:pos>30.52117617 -97.74707211</gml:pos>
                        </gml:Point>
                        <gml:Point gml:id="point_1">
                          <gml:pos>30.49869316 -97.74185346</gml:pos>
                        </gml:Point>
                        <gml:Point gml:id="point_1">
                          <gml:pos>30.50318976 -97.74185346</gml:pos>
                        </gml:Point>
                        <gml:Point gml:id="point_1">
                          <gml:pos>30.50768637 -97.74185346</gml:pos>
                        </gml:Point>
                        <gml:Point gml:id="point_1">
                          <gml:pos>30.51218297 -97.74185346</gml:pos>
                        </gml:Point>
                        <gml:Point gml:id="point_1">
                          <gml:pos>30.51667957 -97.74185346</gml:pos>
                        </gml:Point>
                        <gml:Point gml:id="point_1">
                          <gml:pos>30.52117617 -97.74185346</gml:pos>
                        </gml:Point>
                        <gml:Point gml:id="point_1">
                          <gml:pos>30.49869316 -97.73663481</gml:pos>
                        </gml:Point>
                        <gml:Point gml:id="point_1">
                          <gml:pos>30.50318976 -97.73663481</gml:pos>
                        </gml:Point>
                        <gml:Point gml:id="point_1">
                          <gml:pos>30.50768637 -97.73663481</gml:pos>
                        </gml:Point>
                        <gml:Point gml:id="point_1">
                          <gml:pos>30.51218297 -97.73663481</gml:pos>
                        </gml:Point>
                        <gml:Point gml:id="point_1">
                          <gml:pos>30.51667957 -97.73663481</gml:pos>
                        </gml:Point>
                        <gml:Point gml:id="point_1">
                          <gml:pos>30.52117617 -97.73663481</gml:pos>
                        </gml:Point>
                        <gml:Point gml:id="point_1">
                          <gml:pos>30.49869316 -97.73141616</gml:pos>
                        </gml:Point>
                        <gml:Point gml:id="point_1">
                          <gml:pos>30.50318976 -97.73141616</gml:pos>
                        </gml:Point>
                        <gml:Point gml:id="point_1">
                          <gml:pos>30.50768637 -97.73141616</gml:pos>
                        </gml:Point>
                        <gml:Point gml:id="point_1">
                          <gml:pos>30.51218297 -97.73141616</gml:pos>
                        </gml:Point>
                        <gml:Point gml:id="point_1">
                          <gml:pos>30.51667957 -97.73141616</gml:pos>
                        </gml:Point>
                        <gml:Point gml:id="point_1">
                          <gml:pos>30.52117617 -97.73141616</gml:pos>
                        </gml:Point>
                        <gml:Point gml:id="point_1">
                          <gml:pos>30.43368983 -97.7730698</gml:pos>
                        </gml:Point>
                        <gml:Point gml:id="point_1">
                          <gml:pos>30.42244832 -97.78610622</gml:pos>
                        </gml:Point>
                        <gml:Point gml:id="point_1">
                          <gml:pos>30.42694492 -97.78610622</gml:pos>
                        </gml:Point>
                        <gml:Point gml:id="point_1">
                          <gml:pos>30.43144153 -97.78610622</gml:pos>
                        </gml:Point>
                        <gml:Point gml:id="point_1">
                          <gml:pos>30.43593813 -97.78610622</gml:pos>
                        </gml:Point>
                        <gml:Point gml:id="point_1">
                          <gml:pos>30.44043473 -97.78610622</gml:pos>
                        </gml:Point>
                        <gml:Point gml:id="point_1">
                          <gml:pos>30.44493133 -97.78610622</gml:pos>
                        </gml:Point>
                        <gml:Point gml:id="point_1">
                          <gml:pos>30.42244832 -97.78089165</gml:pos>
                        </gml:Point>
                        <gml:Point gml:id="point_1">
                          <gml:pos>30.42694492 -97.78089165</gml:pos>
                        </gml:Point>
                        <gml:Point gml:id="point_1">
                          <gml:pos>30.43144153 -97.78089165</gml:pos>
                        </gml:Point>
                        <gml:Point gml:id="point_1">
                          <gml:pos>30.43593813 -97.78089165</gml:pos>
                        </gml:Point>
                        <gml:Point gml:id="point_1">
                          <gml:pos>30.44043473 -97.78089165</gml:pos>
                        </gml:Point>
                        <gml:Point gml:id="point_1">
                          <gml:pos>30.44493133 -97.78089165</gml:pos>
                        </gml:Point>
                        <gml:Point gml:id="point_1">
                          <gml:pos>30.42244832 -97.77567708</gml:pos>
                        </gml:Point>
                        <gml:Point gml:id="point_1">
                          <gml:pos>30.42694492 -97.77567708</gml:pos>
                        </gml:Point>
                        <gml:Point gml:id="point_1">
                          <gml:pos>30.43144153 -97.77567708</gml:pos>
                        </gml:Point>
                        <gml:Point gml:id="point_1">
                          <gml:pos>30.43593813 -97.77567708</gml:pos>
                        </gml:Point>
                        <gml:Point gml:id="point_1">
                          <gml:pos>30.44043473 -97.77567708</gml:pos>
                        </gml:Point>
                        <gml:Point gml:id="point_1">
                          <gml:pos>30.44493133 -97.77567708</gml:pos>
                        </gml:Point>
                        <gml:Point gml:id="point_1">
                          <gml:pos>30.42244832 -97.77046251</gml:pos>
                        </gml:Point>
                        <gml:Point gml:id="point_1">
                          <gml:pos>30.42694492 -97.77046251</gml:pos>
                        </gml:Point>
                        <gml:Point gml:id="point_1">
                          <gml:pos>30.43144153 -97.77046251</gml:pos>
                        </gml:Point>
                        <gml:Point gml:id="point_1">
                          <gml:pos>30.43593813 -97.77046251</gml:pos>
                        </gml:Point>
                        <gml:Point gml:id="point_1">
                          <gml:pos>30.44043473 -97.77046251</gml:pos>
                        </gml:Point>
                        <gml:Point gml:id="point_1">
                          <gml:pos>30.44493133 -97.77046251</gml:pos>
                        </gml:Point>
                        <gml:Point gml:id="point_1">
                          <gml:pos>30.42244832 -97.76524795</gml:pos>
                        </gml:Point>
                        <gml:Point gml:id="point_1">
                          <gml:pos>30.42694492 -97.76524795</gml:pos>
                        </gml:Point>
                        <gml:Point gml:id="point_1">
                          <gml:pos>30.43144153 -97.76524795</gml:pos>
                        </gml:Point>
                        <gml:Point gml:id="point_1">
                          <gml:pos>30.43593813 -97.76524795</gml:pos>
                        </gml:Point>
                        <gml:Point gml:id="point_1">
                          <gml:pos>30.44043473 -97.76524795</gml:pos>
                        </gml:Point>
                      </gml:pointMembers>
                    </gml:MultiPoint>
                  </gmd:polygon>
                </gmd:EX_BoundingPolygon>
              </gmd:geographicElement>
              <gmd:temporalElement>
                <gmd:EX_TemporalExtent>
                  <gmd:extent>
                    <gml:TimeInstant gml:id="StartDate">
                      <gml:name>Start Date</gml:name>
                      <gml:timePosition>2022-01-01</gml:timePosition>
                    </gml:TimeInstant>
                  </gmd:extent>
                </gmd:EX_TemporalExtent>
              </gmd:temporalElement>
              <gmd:temporalElement>
                <gmd:EX_TemporalExtent>
                  <gmd:extent>
                    <gml:TimeInstant gml:id="EndDate">
                      <gml:timePosition>2024-12-31</gml:timePosition>
                    </gml:TimeInstant>
                  </gmd:extent>
                </gmd:EX_TemporalExtent>
              </gmd:temporalElement>
            </gmd:EX_Extent>
          </gmd:extent>
        </gmd:DQ_Scope>
      </gmd:scope>
      <gmd:lineage>
        <gmd:LI_Lineage>
          <gmd:processStep>
            <gmi:LE_ProcessStep>
              <gmd:description>
                <gco:CharacterString>Software Information</gco:CharacterString>
              </gmd:description>
              <gmi:processingInformation>
                <gmi:LE_Processing>
                  <gmi:identifier>
                    <gmd:MD_Identifier>
                      <gmd:code>
                        <gmx:Anchor
                          xlink:href="https://appeears.earthdatacloud.nasa.gov/"
                          xlink:title="AppEEARS"
                          xlink:actuate="onRequest">
                            Application for Extracting and Exploring Analysis Ready Samples
                        </gmx:Anchor>
                      </gmd:code>
                    </gmd:MD_Identifier>
                  </gmi:identifier>
                  <gmi:softwareReference>
                    <gmd:CI_Citation>
                      <gmd:title>
                        <gco:CharacterString>Application for Extracting and Exploring Analysis Ready Samples</gco:CharacterString>
                      </gmd:title>
                      <gmd:alternateTitle>
                        <gco:CharacterString>AppEEARS</gco:CharacterString>
                      </gmd:alternateTitle>
                      <gmd:date>
                        <gmd:CI_Date>
                          <gmd:date>
                            <gco:Date>2024-07-17</gco:Date>
                          </gmd:date>
                          <gmd:dateType>
                            <gmd:CI_DateTypeCode
                              codeList="http://www.isotc211.org/2005/resources/Codelist/gmxCodelists.xml#CI_DateTypeCode"
                              codeListValue="creation">creation
                            </gmd:CI_DateTypeCode>
                          </gmd:dateType>
                        </gmd:CI_Date>
                      </gmd:date>
                      <gmd:edition>
                        <gco:CharacterString>3.58</gco:CharacterString>
                      </gmd:edition>
                    </gmd:CI_Citation>
                  </gmi:softwareReference>
                </gmi:LE_Processing>
              </gmi:processingInformation>
            </gmi:LE_ProcessStep>
          </gmd:processStep>
          <gmd:source>
            <gmi:LE_Source>
              <gmd:sourceCitation>
                <gmd:CI_Citation>
                  <gmd:title>
                    <gmx:FileName src="Austin-LST-Points-granule-list.txt">Text file with data pool URLs for all source granules used in the extraction</gmx:FileName>
                  </gmd:title>
                  <gmd:date>
                    <gmd:CI_Date>
                      <gmd:date>
                        <gco:Date>2024-07-17</gco:Date>
                      </gmd:date>
                      <gmd:dateType>
                        <gmd:CI_DateTypeCode
                          codeList="http://www.isotc211.org/2005/resources/Codelist/gmxCodelists.xml#CI_DateTypeCode"
                          codeListValue="creation">creation
                        </gmd:CI_DateTypeCode>
                      </gmd:dateType>
                    </gmd:CI_Date>
                  </gmd:date>
                </gmd:CI_Citation>
              </gmd:sourceCitation>
            </gmi:LE_Source>
          </gmd:source>
        </gmd:LI_Lineage>
      </gmd:lineage>
    </gmd:DQ_DataQuality>
  </gmd:dataQualityInfo>

  <!-- RESOURCE AND METADATA CONSTRAINTS -->
  <gmd:metadataConstraints>
    <gmd:MD_LegalConstraints>
      <gmd:useLimitation>
        <gco:CharacterString>Disclaimer - While every effort has been made to ensure that these data are accurate
          and reliable within the limits of the current state of the art, NASA cannot assume liability for any
          damages caused by any errors or omissions in the data, nor as a result of the failure of the data to
          function on a particular system. NASA makes no warranty, expressed or implied, nor does the fact of
          distribution constitute such a warranty.
        </gco:CharacterString>
      </gmd:useLimitation>
    </gmd:MD_LegalConstraints>
  </gmd:metadataConstraints>

</gmi:MI_Metadata>
